6,0.028871,0.121284,0.175609
10,0.04169,0.12165,0.191357
14,0.053653,0.121528,0.209669
18,0.063053,0.121284,0.227858
22,0.071965,0.12043,0.246292
26,0.078801,0.118843,0.265702
30,0.075993,0.117012,0.28731
34,0.075627,0.11225,0.306476
38,0.085638,0.103827,0.321003
42,0.102606,0.093695,0.333089
46,0.122627,0.08344,0.343832
50,0.144235,0.07404,0.352377
54,0.171092,0.066838,0.357016
58,0.188915,0.054752,0.359702
62,0.186108,0.0329,0.358115
66,0.174754,0.015443,0.348959
70,0.160349,0.005921,0.333089
74,0.142038,-0.000183,0.314533
78,0.118843,-0.00824,0.295367
82,0.096624,-0.016542,0.277544
86,0.075383,-0.024965,0.259354
90,0.054508,-0.035097,0.238967
94,0.038271,-0.045596,0.220656
98,0.027284,-0.054996,0.204541
102,0.021303,-0.062931,0.190991
106,0.018861,-0.069645,0.179393
110,0.018251,-0.075749,0.168406
114,0.018617,-0.0799,0.156931
118,0.019716,-0.081853,0.144113
122,0.020814,-0.081487,0.130196
126,0.02289,-0.078557,0.115425
130,0.026308,-0.073308,0.100531
134,0.031557,-0.065739,0.08576
138,0.038027,-0.055973,0.071355
142,0.044253,-0.044742,0.056583
146,0.04816,-0.032534,0.042056
150,0.049625,-0.019593,0.028261
154,0.049625,-0.006775,0.015077
158,0.048526,0.005188,0.002625
162,0.047793,0.015809,-0.007264
166,0.046939,0.025209,-0.016419
170,0.045718,0.034365,-0.025942
174,0.043277,0.041201,-0.035219
178,0.039614,0.046206,-0.044253
182,0.034365,0.049991,-0.052921
186,0.028017,0.052554,-0.060734
190,0.021425,0.054019,-0.067448
194,0.015199,0.054264,-0.073674
198,0.008851,0.053653,-0.079534
202,0.00238,0.052554,-0.085271
206,-0.0047,0.051578,-0.08991
210,-0.01117,0.050845,-0.093695
214,-0.016664,0.050113,-0.096258
218,-0.01996,0.04938,-0.096869
222,-0.019838,0.04877,-0.095648
226,-0.016786,0.048404,-0.093206
230,-0.012025,0.048038,-0.090154
234,-0.006287,0.047305,-0.087713
238,-0.001282,0.046817,-0.086004
242,0.003235,0.046084,-0.085149
246,0.00702,0.044864,-0.084783
250,0.009095,0.04291,-0.085393
254,0.009339,0.040103,-0.08698
258,0.00763,0.037173,-0.088812
262,0.005555,0.034731,-0.088934
266,0.003601,0.033022,-0.085638
270,0.00409,0.031435,-0.079534
274,0.006043,0.029116,-0.071965
278,0.009583,0.026918,-0.06403
282,0.013245,0.024232,-0.055973
286,0.016541,0.022523,-0.048038
290,0.019227,0.020936,-0.040347
294,0.020936,0.019105,-0.033144
298,0.022279,0.016786,-0.027284
302,0.022279,0.014832,-0.021547
306,0.021547,0.012757,-0.016419
310,0.02057,0.01117,-0.012513
314,0.019471,0.010071,-0.009827
318,0.018006,0.009339,-0.007874
322,0.016664,0.009217,-0.006287
326,0.015565,0.009827,-0.005799
330,0.015077,0.01056,-0.006165
334,0.015199,0.011536,-0.006897
338,0.015809,0.012513,-0.008118
342,0.016664,0.01349,-0.009217
346,0.017396,0.0141,-0.009705
350,0.018129,0.014588,-0.009705
354,0.018495,0.014466,-0.009705
358,0.018739,0.014222,-0.009827
362,0.018617,0.013734,-0.009705
366,0.018373,0.013123,-0.009583
370,0.018251,0.012391,-0.009705
374,0.017884,0.011414,-0.01056
378,0.016908,0.01056,-0.012269
382,0.015321,0.009949,-0.0141
386,0.012879,0.009705,-0.016053
390,0.010071,0.009705,-0.01764
394,0.006897,0.009461,-0.019227
398,0.003601,0.009583,-0.020936
402,0.000427,0.009827,-0.022645
406,-0.002747,0.01056,-0.023866
410,-0.005799,0.011781,-0.024477
414,-0.008729,0.013001,-0.024232
418,-0.011292,0.013368,-0.023256
422,-0.013001,0.01349,-0.021791
426,-0.013612,0.013734,-0.019593
430,-0.01349,0.013734,-0.016297
434,-0.012757,0.013001,-0.013001
438,-0.011903,0.012635,-0.009583
442,-0.011048,0.011903,-0.006165
446,-0.010316,0.011414,-0.003357
450,-0.009705,0.010804,-0.001648
454,-0.009461,0.010316,-0.000305
458,-0.009461,0.009705,-0.000305
462,-0.01056,0.009705,-0.00116
466,-0.012513,0.009949,-0.003113
470,-0.014832,0.010316,-0.005555
474,-0.01764,0.011292,-0.008606
478,-0.020448,0.012269,-0.012513
482,-0.0235,0.013368,-0.016175
486,-0.025942,0.014222,-0.019593
490,-0.028261,0.015565,-0.023012
494,-0.030214,0.016786,-0.026186
498,-0.032412,0.017884,-0.029238
502,-0.034609,0.019105,-0.031435
506,-0.036562,0.020448,-0.033266
510,-0.038149,0.022157,-0.034365
514,-0.038149,0.02411,-0.034853
518,-0.037417,0.026064,-0.034975
522,-0.03583,0.028017,-0.035219
526,-0.034243,0.029604,-0.035342
530,-0.0329,0.031557,-0.035586
534,-0.032534,0.0329,-0.036074
538,-0.0329,0.034609,-0.037051
542,-0.033388,0.035708,-0.038393
546,-0.033755,0.036196,-0.039492
550,-0.033144,0.03644,-0.040103
554,-0.033022,0.035586,-0.040713
558,-0.033388,0.034121,-0.040713
562,-0.034121,0.031923,-0.040591
566,-0.034365,0.029848,-0.040347
570,-0.034243,0.028139,-0.040225
574,-0.033632,0.026552,-0.039736
578,-0.032045,0.025087,-0.039248
582,-0.030947,0.0235,-0.039004
586,-0.030092,0.022035,-0.038271
590,-0.02997,0.020936,-0.037173
594,-0.029848,0.019471,-0.036074
598,-0.029482,0.018251,-0.034731
602,-0.028993,0.016908,-0.033388
606,-0.027895,0.015565,-0.032167
610,-0.026064,0.014588,-0.030092
614,-0.023622,0.013612,-0.027773
618,-0.021425,0.012879,-0.025453
622,-0.01996,0.012391,-0.0235
626,-0.018495,0.012147,-0.021425
630,-0.017274,0.011903,-0.019349
634,-0.016053,0.011903,-0.01764
638,-0.014832,0.011414,-0.016419
642,-0.013978,0.01117,-0.014832
646,-0.012879,0.010316,-0.013245
650,-0.011658,0.009339,-0.01117
654,-0.009827,0.008484,-0.009095
658,-0.007752,0.007386,-0.006531
662,-0.005432,0.006409,-0.003845
666,-0.003235,0.00531,-0.000794
670,-0.000794,0.004822,0.001648
674,0.001404,0.0047,0.004212
678,0.002991,0.004822,0.006287
682,0.004212,0.004578,0.008118
686,0.004944,0.004578,0.009339
690,0.005555,0.004212,0.010804
694,0.006165,0.003723,0.011903
698,0.006531,0.003113,0.012635
702,0.006775,0.002136,0.013368
706,0.006409,0.000793,0.01471
710,0.006409,-0.000305,0.016419
714,0.00702,-0.001038,0.018251
718,0.008118,-0.001404,0.01996
722,0.009339,-0.001648,0.020936
726,0.009705,-0.001038,0.020936
730,0.009339,0.000061,0.019593
734,0.00763,0.001404,0.017762
738,0.006043,0.003357,0.014955
742,0.004578,0.005066,0.012635
746,0.003723,0.007142,0.010438
750,0.003113,0.008973,0.007996
754,0.00238,0.010926,0.005799
758,0.001648,0.012635,0.003357
762,0.000183,0.014832,0.000916
766,-0.001038,0.016908,-0.00116
770,-0.001526,0.018861,-0.002503
774,-0.001526,0.01996,-0.002869
778,-0.001526,0.020814,-0.002991
782,-0.001892,0.022523,-0.002991
786,-0.003113,0.024354,-0.00409
790,-0.006287,0.026674,-0.007264
794,-0.012147,0.029726,-0.012147
798,-0.021791,0.033999,-0.019471
802,-0.034365,0.040469,-0.02936
806,-0.048526,0.049014,-0.042422
810,-0.062687,0.059147,-0.058048
814,-0.077336,0.070622,-0.075505
818,-0.093573,0.083928,-0.094671
822,-0.110297,0.099188,-0.114814
826,-0.125313,0.115302,-0.135201
830,-0.136788,0.131539,-0.154489
834,-0.1457,0.146188,-0.171214
838,-0.155588,0.158762,-0.185619
842,-0.167796,0.170482,-0.198315
846,-0.181835,0.181835,-0.210523
850,-0.195874,0.192211,-0.222731
854,-0.207349,0.199902,-0.232497
858,-0.216383,0.206617,-0.240798
862,-0.221754,0.212843,-0.245437
866,-0.219801,0.216139,-0.242874
870,-0.208814,0.215162,-0.231398
874,-0.188305,0.210401,-0.209669
878,-0.159128,0.201733,-0.177318
882,-0.124702,0.187939,-0.135567
886,-0.08698,0.169993,-0.086858
890,-0.050479,0.149118,-0.033022
894,-0.015199,0.126412,0.025087
898,0.018983,0.103583,0.086004
902,0.053531,0.080999,0.151438
906,0.087347,0.059147,0.220533
910,0.120186,0.036318,0.294146
914,0.151193,0.01349,0.372642
918,0.182567,-0.007996,0.456144
922,0.216871,-0.026674,0.54404
926,0.25557,-0.042178,0.637185
930,0.292559,-0.052432,0.72325
934,0.332113,-0.059269,0.811268
938,0.375084,-0.062443,0.913447
942,0.409998,-0.060123,1
946,0.437832,-0.052799,1
950,0.45712,-0.0423,1
954,0.465299,-0.030458,1
958,0.464201,-0.017274,1
962,0.456998,-0.003601,1
966,0.446744,0.010438,1
970,0.435512,0.023744,1
974,0.424892,0.035464,1
978,0.415492,0.044131,1
983,0.404505,0.050967,1
986,0.391809,0.055973,1
990,0.377892,0.058903,1
994,0.360312,0.057926,1
998,0.334554,0.050723,1
1002,0.298907,0.038516,1
1006,0.2585,0.025575,1
1010,0.211011,0.010804,1
1014,0.150339,-0.00763,1
1018,0.086736,-0.025942,1
1022,0.023012,-0.041568,1
1026,-0.042788,-0.054874,1
1030,-0.109687,-0.064396,1
1034,-0.163645,-0.068425,1
1038,-0.205884,-0.06171,1
1042,-0.237624,-0.038882,1
1046,-0.267411,-0.00763,0.932003
1050,-0.309284,0.033999,0.605933
1054,-0.361533,0.089544,0.234817
1058,-0.427577,0.166697,-0.153391
1062,-0.523408,0.267289,-0.54465
1066,-0.639626,0.385827,-0.909785
1070,-0.741317,0.512299,-1
1074,-0.813831,0.631813,-1
1078,-0.848379,0.731429,-1
1082,-0.856192,0.802966,-1
1086,-0.84545,0.853629,-1
1090,-0.806141,0.895135,-1
1094,-0.751816,0.927486,-1
1098,-0.687969,0.954709,-1
1102,-0.613258,0.979491,-1
1106,-0.530367,1,-1
1110,-0.438564,1,-1
1114,-0.337362,1,-1
1118,-0.232985,1,-1
1122,-0.138009,1,-1
1126,-0.050479,1,-1
1130,0.019349,1,-1
1134,0.036684,1,-1
1138,0.039614,1,-1
1142,0.054142,1,-1
1146,0.057315,1,-1
1150,0.047061,1,-1
1154,0.023256,1,-1
1158,0.002503,1,-1
1162,-0.003968,1,-1
1166,0.01764,1,-1
1170,0.070012,1,-1
1174,0.151071,1,-1
1178,0.253495,1,-1
1182,0.359092,1,-1
1186,0.451138,1,-1
1190,0.531954,1,-1
1194,0.589575,1,-1
1198,0.627907,1,-1
1202,0.672099,0.966062,-1
1206,0.722761,0.875359,-1
1210,0.775865,0.772081,-1
1214,0.827504,0.660258,-1
1218,0.869011,0.55051,-1
1222,0.882073,0.455899,-1
1226,0.845083,0.377159,-1
1230,0.7838,0.322346,-1
1234,0.721418,0.279497,-0.965574
1238,0.667582,0.256546,-0.900873
1242,0.665263,0.236526,-0.830068
1246,0.694073,0.214796,-0.74205
1250,0.706159,0.20271,-0.649393
1254,0.690777,0.197217,-0.553562
1258,0.668559,0.199414,-0.453946
1262,0.646341,0.204663,-0.346274
1266,0.634499,0.208326,-0.229323
1270,0.626076,0.204541,-0.104926
1274,0.599097,0.195874,0.026186
1278,0.564304,0.187817,0.162669
1282,0.531954,0.182079,0.305377
1286,0.507782,0.177074,0.454801
1290,0.488494,0.172679,0.611915
1294,0.473723,0.167552,0.778795
1298,0.479583,0.163645,0.956784
1302,0.509736,0.163523,1
1306,0.556736,0.169261,1
1310,0.61399,0.181591,1
1314,0.669047,0.198071,1
1318,0.727278,0.220167,1
1322,0.79027,0.251175,1
1326,0.848501,0.28438,1
1330,0.900262,0.316242,1
1334,0.936153,0.346151,1
1338,0.955197,0.373497,1
1342,0.959226,0.397546,1
1346,0.950559,0.416957,1
1350,0.928707,0.431362,1
1354,0.895135,0.443081,1
1358,0.853018,0.447842,1
1362,0.79906,0.445523,1
1366,0.735458,0.434536,1
1370,0.664042,0.41305,1
1374,0.589208,0.383874,1
1378,0.518403,0.35018,1
1382,0.451993,0.313068,1
1386,0.384362,0.272783,1
1390,0.321736,0.239211,1
1394,0.254471,0.208204,1
1398,0.182811,0.176219,1
1402,0.132638,0.156687,1
1406,0.057071,0.147531,1
1410,-0.028017,0.146432,1
1414,-0.111274,0.152658,1
1418,-0.186596,0.163035,1
1422,-0.252884,0.17451,1
1426,-0.313557,0.188183,0.848379
1430,-0.367637,0.204541,0.670756
1434,-0.415125,0.221144,0.510468
1438,-0.453824,0.241042,0.373985
1442,-0.480681,0.263627,0.267167
1446,-0.493621,0.288409,0.191357
1450,-0.496063,0.314167,0.146432
1454,-0.491058,0.339559,0.130562
1458,-0.474699,0.368248,0.144113
1462,-0.445401,0.398157,0.181957
1466,-0.406458,0.424037,0.229567
1470,-0.362022,0.446133,0.285479
1474,-0.317097,0.466032,0.353598
1478,-0.28731,0.477629,0.421107
1482,-0.274492,0.481414,0.483733
1486,-0.27791,0.476286,0.540255
1490,-0.294268,0.460538,0.589819
1494,-0.319905,0.433559,0.632302
1498,-0.348959,0.398401,0.670634
1502,-0.37484,0.360068,0.709943
1506,-0.389367,0.324422,0.752182
1510,-0.378014,0.292559,0.797107
1514,-0.349936,0.269853,0.843496
1518,-0.325276,0.255692,0.887322
1522,-0.29671,0.250809,0.926509
1526,-0.262894,0.254471,0.95654
1530,-0.230666,0.264237,0.974852
1534,-0.20857,0.280352,0.979857
1538,-0.197705,0.302326,0.972533
1542,-0.192456,0.325765,0.955686
1546,-0.18977,0.344931,0.934933
1550,-0.189892,0.359702,0.910761
1554,-0.190869,0.370445,0.881829
1558,-0.188793,0.373131,0.85253
1562,-0.185009,0.367149,0.822011
1566,-0.185253,0.353354,0.790026
1570,-0.190746,0.33138,0.757554
1574,-0.198071,0.302326,0.726668
1578,-0.206128,0.267045,0.699567
1582,-0.212843,0.226149,0.676494
1586,-0.219069,0.180858,0.657084
1590,-0.227126,0.134713,0.642312
1594,-0.236648,0.089422,0.631691
1598,-0.24617,0.046206,0.623756
1602,-0.255814,0.006043,0.619239
1606,-0.264359,-0.031191,0.617652
1610,-0.26851,-0.065861,0.618507
1614,-0.268266,-0.09638,0.620949
1618,-0.266435,-0.121773,0.623756
1622,-0.265092,-0.139962,0.62693
1626,-0.265092,-0.154611,0.629616
1630,-0.266191,-0.167063,0.630104
1634,-0.267045,-0.174266,0.627541
1638,-0.268144,-0.175121,0.62046
1642,-0.268754,-0.169139,0.609107
1646,-0.264359,-0.154734,0.589697
1650,-0.256058,-0.135079,0.565403
1654,-0.247024,-0.109443,0.536227
1658,-0.236282,-0.075139,0.502533
1662,-0.218946,-0.032045,0.464933
1666,-0.19331,0.019471,0.420985
1670,-0.160471,0.07758,0.368248
1674,-0.125435,0.14045,0.305133
1678,-0.091009,0.207471,0.229934
1682,-0.059147,0.2773,0.144113
1686,-0.031801,0.347739,0.046451
1690,-0.001892,0.41952,-0.064152
1694,0.028505,0.487396,-0.186718
1698,0.053531,0.541476,-0.305011
1702,0.074528,0.591894,-0.431484
1706,0.0893,0.649637,-0.582494
1710,0.10224,0.702619,-0.73558
1714,0.129219,0.749374,-0.885491
1718,0.168772,0.789416,-1
1722,0.212721,0.822743,-1
1726,0.253128,0.850333,-1
1730,0.287432,0.873772,-1
1734,0.317097,0.891717,-1
1738,0.349326,0.90307,-1
1742,0.383263,0.909907,-1
1746,0.414759,0.915034,-1
1750,0.443203,0.920405,-1
1754,0.466154,0.925166,-1
1758,0.486907,0.929073,-1
1762,0.509614,0.933223,-1
1766,0.532076,0.938839,-1
1770,0.548312,0.945309,-1
1774,0.556614,0.951901,-1
1778,0.556247,0.960569,-1
1782,0.543063,0.975584,-1
1786,0.512666,0.996704,-1
1790,0.470549,1,-1
1794,0.423427,1,-1
1798,0.379357,1,-1
1802,0.349203,1,-1
1806,0.332723,1,-1
1810,0.323079,1,-1
1814,0.322346,1,-1
1818,0.326497,1,-1
1822,0.339559,1,-1
1826,0.358481,1,-1
1830,0.38424,1,-1
1834,0.40951,1,-1
1838,0.430751,1,-1
1842,0.465666,1,-1
1846,0.47946,1,-1
1850,0.459073,1,-1
1854,0.463346,1,-1
1858,0.512666,0.971678,-1
1862,0.568089,0.932979,-1
1866,0.635598,0.893426,-1
1870,0.687115,0.85253,-1
1874,0.690289,0.823354,-1
1878,0.660868,0.803211,-1
1882,0.614356,0.785265,-1
1886,0.569554,0.769883,-1
1890,0.533419,0.755356,-1
1894,0.505707,0.743393,-1
1898,0.481902,0.731063,-1
1902,0.45712,0.718122,-1
1906,0.433925,0.71031,-1
1910,0.442715,0.702497,-1
1914,0.437466,0.690899,-1
1918,0.424037,0.682232,-1
1922,0.413538,0.676982,-1
1926,0.428432,0.671367,-1
1930,0.447476,0.664042,-1
1934,0.454557,0.657572,-1
1938,0.437588,0.65391,-1
1942,0.404138,0.656351,-1
1946,0.362632,0.662333,-0.955197
1950,0.327107,0.665751,-0.90661
1954,0.303913,0.66392,-0.853751
1958,0.280962,0.656961,-0.795031
1962,0.249832,0.645242,-0.731307
1966,0.226027,0.626564,-0.661234
1970,0.214185,0.601294,-0.580419
1974,0.209302,0.569798,-0.489715
1978,0.215162,0.534029,-0.385461
1982,0.215162,0.486663,-0.273149
1986,0.209546,0.432216,-0.154367
1990,0.202832,0.368858,-0.033755
1994,0.195508,0.299152,0.089178
1998,0.18623,0.225783,0.215895
2002,0.17451,0.15156,0.347372
2006,0.160837,0.086614,0.467863
2010,0.144357,0.022645,0.590917
2014,0.12397,-0.04584,0.733748
2018,0.103217,-0.107367,0.878533
2022,0.081243,-0.161936,1
2026,0.056949,-0.206739,1
2030,0.0329,-0.241775,1
2034,0.013856,-0.267411,1
2038,0.003235,-0.283648,1
2042,0.000671,-0.290362,1
2046,0.009827,-0.286822,1
2050,0.033999,-0.273149,1
2054,0.075383,-0.2491,1
2058,0.130684,-0.215895,1
2062,0.19331,-0.175121,1
2066,0.26143,-0.127388,1
2070,0.330037,-0.074284,1
2074,0.396814,-0.017274,1
2078,0.455411,0.039248,1
2082,0.495331,0.085393,1
2086,0.513642,0.125313,1
2090,0.504853,0.162424,1
2094,0.476164,0.184154,1
2098,0.438809,0.186474,1
2102,0.398401,0.178295,1
2106,0.34957,0.159373,1
2110,0.287432,0.132027,1
2114,0.210645,0.098334,1
2118,0.12104,0.060001,1
2122,0.025209,0.018617,1
2126,-0.074528,-0.026186,1
2130,-0.181835,-0.074651,1
2134,-0.282793,-0.115791,1
2138,-0.369224,-0.144113,1
2142,-0.436611,-0.155832,1
2146,-0.479338,-0.150827,1
2150,-0.48825,-0.133858,1
2154,-0.450406,-0.101386,1
2158,-0.403894,-0.065739,1
2162,-0.356284,-0.018373,1
2166,-0.293536,0.047671,1
2170,-0.203321,0.123115,1
2174,-0.075627,0.199414,1
2178,0.084539,0.264237,1
2182,0.200024,0.313679,1
2186,0.242263,0.352744,1
2190,0.245193,0.371422,1
2194,0.237502,0.362388,0.964475
2198,0.210645,0.338949,0.846548
2202,0.181957,0.311848,0.736068
2206,0.141305,0.280474,0.639016
2210,0.093573,0.24263,0.559299
2214,0.060612,0.205762,0.495575
2218,0.041079,0.174632,0.447232
2222,0.037051,0.147653,0.414149
2226,0.038271,0.129586,0.395349
2230,0.035097,0.122383,0.388757
2234,0.029482,0.124092,0.392053
2238,0.024354,0.129952,0.402429
2242,0.018251,0.138741,0.419398
2246,0.011292,0.149606,0.443936
2250,0.002869,0.159739,0.47299
2254,-0.006897,0.167552,0.505341
2258,-0.016297,0.172435,0.538546
2262,-0.025453,0.174022,0.571019
2266,-0.033388,0.172313,0.600561
2270,-0.037051,0.16865,0.625465
2274,-0.035342,0.164622,0.641213
2278,-0.030336,0.162547,0.648538
2282,-0.012391,0.165843,0.641824
2286,0.003845,0.165843,0.61753
2290,-0.005188,0.167186,0.576024
2294,-0.016053,0.171458,0.521455
2298,-0.012513,0.178661,0.456266
2302,0.005432,0.190014,0.379601
2306,0.027895,0.207593,0.288897
2310,0.04169,0.230422,0.18098
2314,0.041079,0.250809,0.074162
2318,0.033754,0.2679,-0.041445
2322,0.025331,0.281206,-0.180614
2326,0.016419,0.286578,-0.323811
2330,0.004334,0.284258,-0.46591
2334,-0.012269,0.274248,-0.602881
2338,-0.031923,0.259232,-0.732039
2342,-0.050723,0.241653,-0.850211
2346,-0.058903,0.222853,-0.954709
2350,-0.049747,0.203931,-1
2354,-0.028017,0.186596,-1
2358,-0.002136,0.173167,-1
2362,0.021913,0.164134,-1
2366,0.041812,0.159495,-1
2370,0.057193,0.160471,-1
2374,0.070012,0.165721,-1
2378,0.082097,0.173534,-1
2382,0.091131,0.18452,-1
2386,0.094671,0.198926,-1
2390,0.09516,0.214796,-1
2394,0.09577,0.233718,-1
2398,0.096624,0.258622,-1
2402,0.096747,0.286822,-1
2406,0.094549,0.318806,-1
2410,0.091375,0.354941,-1
2414,0.088567,0.394983,-1
2418,0.085271,0.437954,-1
2422,0.07697,0.483733,-1
2426,0.061466,0.532808,-1
2430,0.037783,0.584325,-1
2434,0.006653,0.638406,-1
2438,-0.029116,0.695294,-1
2442,-0.066105,0.753159,-1
2446,-0.103339,0.812611,-1
2450,-0.136422,0.873405,-1
2454,-0.161692,0.932979,-1
2458,-0.175853,0.988403,-1
2462,-0.175121,1,-1
2466,-0.162669,1,-1
2470,-0.142648,1,-1
2474,-0.116523,1,-1
2478,-0.093939,1,-1
2482,-0.068303,1,-1
2486,-0.046084,1,-1
2490,-0.017884,1,-1
2494,0.039736,1,-1
2498,0.111518,1,-1
2502,0.175975,1,-1
2506,0.227248,1,-1
2510,0.279741,1,-1
2514,0.321126,1,-1
2518,0.342245,0.982177,-1
2522,0.350302,0.951901,-1
2526,0.350913,0.920527,-1
2530,0.349326,0.887322,-1
2534,0.342001,0.855216,-1
2538,0.33077,0.82726,-1
2542,0.308307,0.805774,-1
2546,0.31197,0.792102,-1
2550,0.302326,0.771715,-1
2554,0.273881,0.749252,-1
2558,0.267778,0.730941,-1
2562,0.281572,0.717268,-1
2566,0.307941,0.707502,-1
2570,0.339559,0.702497,-1
2574,0.370933,0.706525,-1
2578,0.407557,0.719099,-1
2582,0.414637,0.731063,-1
2586,0.410242,0.749374,-1
2590,0.41244,0.770494,-1
2594,0.402796,0.791857,-0.969114
2598,0.38485,0.816151,-0.926143
2602,0.360312,0.843008,-0.881463
2606,0.339071,0.867179,-0.834829
2610,0.325765,0.886468,-0.785753
2614,0.314411,0.897088,-0.733382
2618,0.307453,0.898675,-0.67918
2622,0.303913,0.89306,-0.631203
2626,0.302692,0.88073,-0.583349
2630,0.303302,0.859611,-0.52939
2634,0.306232,0.831899,-0.47592
2638,0.310139,0.798328,-0.423549
2642,0.314655,0.759995,-0.373619
2646,0.315022,0.717024,-0.326009
2650,0.316487,0.67332,-0.283404
2654,0.31551,0.627785,-0.242996
2658,0.309406,0.581273,-0.207227
2662,0.298541,0.533419,-0.174144
2666,0.285845,0.482879,-0.144479
2670,0.266313,0.430263,-0.113227
2674,0.242263,0.375572,-0.077336
2678,0.216627,0.318074,-0.037417
2682,0.187572,0.255814,0.010071
2686,0.150583,0.186352,0.062931
2690,0.114936,0.113105,0.121406
2694,0.069523,0.034975,0.18623
2698,0.021913,-0.035708,0.245193
2702,-0.040835,-0.11811,0.315754
2706,-0.1081,-0.212354,0.404138
2710,-0.175121,-0.30904,0.506195
2714,-0.246414,-0.409876,0.621803
2718,-0.315022,-0.511689,0.747543
2722,-0.380944,-0.611304,0.882317
2726,-0.446011,-0.707258,1
2730,-0.513398,-0.796496,1
2734,-0.582738,-0.876824,1
2738,-0.647317,-0.947018,1
2742,-0.694195,-1,1
2746,-0.718733,-1,1
2750,-0.72093,-1,1
2754,-0.702741,-1,1
2758,-0.662211,-1,1
2762,-0.598975,-1,1
2766,-0.518892,-0.974974,1
2770,-0.424892,-0.885979,1
2774,-0.332845,-0.78966,1
2778,-0.236892,-0.676616,1
2782,-0.129952,-0.531343,1
2786,-0.028871,-0.373741,1
2790,0.066349,-0.209791,1
2794,0.146066,-0.043521,1
2798,0.198193,0.116279,1
2802,0.236404,0.257645,1
2806,0.253861,0.379723,1
2810,0.188793,0.489959,1
2814,0.074651,0.576756,1
2818,-0.021058,0.630226,1
2822,-0.087469,0.646951,1
2826,-0.162424,0.634865,1
2830,-0.261185,0.598242,1
2834,-0.373619,0.542941,1
2838,-0.491668,0.465421,1
2842,-0.624733,0.371788,1
2846,-0.739486,0.268266,1
2850,-0.82787,0.174388,1
2854,-0.881218,0.083806,1
2858,-0.905024,-0.001892,1
2862,-0.914912,-0.057804,1
2866,-0.926875,-0.089422,1
2870,-0.926387,-0.093328,1
2874,-0.894891,-0.071843,0.812733
2878,-0.822499,-0.026674,0.633889
2882,-0.694684,0.03583,0.497894
2886,-0.512055,0.111762,0.395593
2890,-0.295611,0.194287,0.310871
2894,-0.082952,0.276445,0.228469
2898,0.094305,0.349692,0.137643
2902,0.22444,0.404627,0.030458
2906,0.312824,0.43478,-0.095038
2910,0.361167,0.441983,-0.238235
2914,0.394861,0.426112,-0.395105
2918,0.394983,0.3901,-0.563572
2922,0.368248,0.346029,-0.740707
2926,0.343832,0.294268,-0.916865
2930,0.31319,0.243972,-1
2934,0.274858,0.196484,-1
2938,0.216139,0.156076,-1
2942,0.142282,0.139108,-1
2946,0.063297,0.145944,-1
2950,-0.012147,0.179637,-1
2954,-0.070622,0.235305,-1
2958,-0.097113,0.30672,-1
2962,-0.074773,0.40011,-1
2966,-0.01349,0.496063,-1
2970,0.085882,0.584936,-1
2974,0.21565,0.662943,-1
2978,0.344198,0.735213,-1
2982,0.46652,0.803943,-1
2986,0.575292,0.870842,-1
2990,0.658793,0.941769,-1
2994,0.711164,1,-1
2998,0.723616,1,-1
3002,0.735091,1,-1
3006,0.766954,1,-1
3010,0.803455,1,-1
3014,0.837026,1,-1
3018,0.861686,1,-1
3022,0.873894,1,-1
3026,0.864738,1,-1
3030,0.845572,1,-1
3034,0.844473,1,-1
3038,0.865226,1,-1
3042,0.944088,1,-1
3046,1,1,-1
3050,1,1,-1
3054,1,1,-1
3058,1,1,-1
3062,1,1,-1
3066,0.916865,1,-1
3070,0.77379,1,-0.79259
3074,0.687359,0.864738,-0.569676
3078,0.626076,0.703839,-0.361045
3082,0.535738,0.582006,-0.1927
3086,0.432094,0.469084,-0.042178
3090,0.33077,0.348105,0.109931
3094,0.238845,0.240188,0.238845
3098,0.148874,0.145334,0.343222
3102,0.066715,0.063664,0.425868
3106,0.000305,-0.00238,0.490814
3110,-0.046573,-0.054019,0.540866
3114,-0.081731,-0.09577,0.575292
3118,-0.111884,-0.130562,0.592382
3122,-0.142892,-0.163279,0.588964
3126,-0.180004,-0.197095,0.56638
3130,-0.224562,-0.235671,0.530977
3134,-0.274248,-0.279497,0.492279
3138,-0.328206,-0.32845,0.458951
3142,-0.383385,-0.385094,0.44125
3146,-0.434902,-0.45004,0.444058
3150,-0.486419,-0.520601,0.468229
3154,-0.538668,-0.596655,0.513032
3158,-0.584081,-0.665019,0.569554
3162,-0.627174,-0.732772,0.643655
3166,-0.672954,-0.808094,0.751572
3170,-0.716902,-0.879509,0.883416
3174,-0.758652,-0.945187,1
3178,-0.794421,-1,1
3182,-0.825795,-1,1
3186,-0.844229,-1,1
3190,-0.842764,-1,1
3194,-0.838979,-1,1
3198,-0.839956,-1,1
3202,-0.833974,-1,1
3206,-0.806629,-1,1
3210,-0.758896,-1,1
3214,-0.707135,-0.990478,1
3218,-0.6522,-0.891839,1
3222,-0.58518,-0.776842,1
3226,-0.50119,-0.646463,1
3230,-0.422938,-0.501068,1
3234,-0.39071,-0.364707,1
3238,-0.368614,-0.228346,1
3242,-0.346884,-0.082341,1
3246,-0.366416,0.044497,1
3250,-0.439053,0.137276,1
3254,-0.547824,0.185985,1
3258,-0.659403,0.1927,1
3262,-0.75145,0.158152,1
3266,-0.820179,0.090643,1
3270,-0.861442,0.002136,1
3274,-0.873405,-0.090521,1
3278,-0.856803,-0.181591,1
3282,-0.804676,-0.261307,1
3286,-0.721907,-0.316365,1
3290,-0.595801,-0.34371,0.807972
3294,-0.42306,-0.362388,0.354453
3298,-0.187817,-0.354331,-0.075871
3302,-0.028261,-0.315754,-0.513764
3306,0.007386,-0.257889,-0.934444
3310,-0.015687,-0.179882,-1
3314,-0.019838,-0.11518,-1
3318,0.024354,-0.06818,-1
3322,0.089666,-0.033266,-1
3326,0.137154,-0.015687,-1
3330,0.156321,-0.013123,-1
3334,0.141549,-0.017396,-1
3338,0.106757,-0.03229,-1
3342,0.092352,-0.057926,-1
3346,0.122871,-0.08991,-1
3350,0.168406,-0.125679,-1
3354,0.193432,-0.156321,-1
3358,0.1927,-0.175975,-0.760483
3362,0.200269,-0.190258,-0.430263
3366,0.234939,-0.201123,-0.121895
3370,0.280229,-0.204419,0.140328
3374,0.30318,-0.199536,0.343344
3378,0.299396,-0.188549,0.489349
3382,0.281328,-0.174998,0.585302
3386,0.258988,-0.161326,0.637551
3390,0.240188,-0.149728,0.650247
3394,0.221876,-0.13923,0.628762
3398,0.200024,-0.128365,0.563694
3402,0.160959,-0.120796,0.453702
3406,0.107734,-0.114692,0.301959
3410,0.047793,-0.111884,0.111762
3414,-0.012025,-0.110908,-0.10517
3418,-0.060001,-0.109199,-0.337362
3422,-0.083074,-0.106391,-0.572972
3426,-0.075627,-0.099921,-0.804309
3430,-0.042056,-0.088934,-1
3434,0.003968,-0.073186,-1
3438,0.049502,-0.049991,-1
3442,0.089422,-0.018861,-1
3446,0.120552,0.020204,-1
3450,0.146066,0.065373,-1
3454,0.169017,0.11518,-1
3458,0.186596,0.169383,-1
3462,0.192211,0.229323,-1
3466,0.185131,0.286944,-1
3470,0.168406,0.348715,-1
3474,0.145211,0.422816,-1
3478,0.127022,0.494598,-1
3482,0.130928,0.552463,-1
3486,0.144235,0.588354,-1
3490,0.159128,0.602515,-1
3494,0.169993,0.585912,-1
3498,0.19331,0.536227,-1
3502,0.221022,0.454068,-1
3506,0.149484,0.349936,-1
3510,-0.040103,0.251175,-1
3514,-0.186596,0.144845,-0.932003
3518,-0.26265,0.014222,-0.464201
3522,-0.342245,-0.114204,0.028993
3526,-0.477141,-0.232985,0.535372
3530,-0.602881,-0.338583,1
3534,-0.689556,-0.413538,1
3538,-0.768174,-0.44479,1
3542,-0.857657,-0.442715,1
3546,-0.912959,-0.423305,1
3550,-0.926143,-0.386681,1
3554,-0.913691,-0.33492,1
3558,-0.885247,-0.268876,1
3562,-0.836294,-0.189892,1
3566,-0.763047,-0.10224,1
3570,-0.681133,-0.009095,1
3574,-0.60459,0.083928,1
3578,-0.521455,0.170115,1
3582,-0.413294,0.242874,1
3586,-0.284502,0.307087,1
3590,-0.187817,0.377159,1
3594,-0.163157,0.45065,1
3598,-0.191235,0.51645,1
3602,-0.223707,0.556858,1
3606,-0.269243,0.571873,1
3610,-0.310627,0.553806,1
3614,-0.333822,0.51059,1
3618,-0.329549,0.448575,1
3622,-0.306842,0.380577,1
3626,-0.28084,0.307819,1
3630,-0.257279,0.220656,1
3634,-0.254349,0.126534,1
3638,-0.270707,0.033144,1
3642,-0.288287,-0.049991,0.773912
3646,-0.281694,-0.117866,0.382897
3650,-0.25264,-0.171214,0.025575
3654,-0.225783,-0.201123,-0.287798
3658,-0.184765,-0.208204,-0.548679
3662,-0.138497,-0.200269,-0.757432
3666,-0.081609,-0.183544,-0.922114
3670,-0.028139,-0.164988,-1
3674,0.019716,-0.153879,-1
3678,0.059269,-0.149362,-1
3682,0.092474,-0.150583,-1
3686,0.117988,-0.157541,-1
3690,0.14216,-0.170848,-1
3694,0.171214,-0.190014,-1
3698,0.197583,-0.211744,-1
3702,0.220167,-0.236037,-1
3706,0.240676,-0.26204,-1
3710,0.258744,-0.283648,-1
3714,0.273881,-0.300006,-1
3718,0.278398,-0.309284,-1
3722,0.268144,-0.310016,-1
3726,0.247024,-0.301593,-1
3730,0.221876,-0.287188,-1
3734,0.20625,-0.270097,-1
3738,0.213575,-0.252274,-1
3742,0.254593,-0.235061,-1
3746,0.322468,-0.218214,-1
3750,0.399133,-0.199536,-1
3754,0.488372,-0.172679,-1
3758,0.594702,-0.145578,-1
3762,0.686626,-0.118354,-1
3766,0.749985,-0.083684,-1
3770,0.786242,-0.036562,-1
3774,0.800281,0.017396,-1
3778,0.790026,0.081731,-1
3782,0.771715,0.160349,-1
3786,0.755967,0.249344,-1
3790,0.727645,0.354575,-1
3794,0.697857,0.46945,-1
3798,0.698102,0.575169,-1
3802,0.679668,0.681743,-1
3806,0.646463,0.794299,-1
3810,0.633156,0.906244,-1
3814,0.650858,0.999634,-1
3818,0.696026,1,-1
3822,0.755112,1,-1
3826,0.799426,1,-1
3830,0.815663,1,-1
3834,0.809314,1,-1
3838,0.773424,1,-1
3842,0.69798,0.928951,-1
3846,0.590673,0.829091,-0.951535
3850,0.488128,0.735213,-0.706891
3854,0.389489,0.639993,-0.47006
3858,0.273149,0.524263,-0.212598
3862,0.173167,0.40597,0.027773
3866,0.094305,0.284502,0.246902
3870,0.017274,0.165843,0.437222
3874,-0.061832,0.055729,0.593603
3878,-0.131661,-0.040103,0.716291
3882,-0.189282,-0.118965,0.807728
3886,-0.236159,-0.179515,0.870476
3890,-0.274126,-0.222243,0.90954
3894,-0.301471,-0.249832,0.92773
3898,-0.315998,-0.265336,0.928096
3902,-0.322102,-0.270463,0.912959
3906,-0.324055,-0.268388,0.884881
3910,-0.322957,-0.261552,0.845205
3914,-0.321492,-0.252884,0.795276
3918,-0.323689,-0.243972,0.737655
3922,-0.332601,-0.237014,0.675029
3926,-0.345175,-0.234939,0.61985
3930,-0.362754,-0.239211,0.570164
3934,-0.385705,-0.254593,0.527071
3938,-0.406946,-0.284868,0.506562
3942,-0.425746,-0.331136,0.510834
3946,-0.446133,-0.39364,0.539279
3950,-0.473601,-0.469816,0.588842
3954,-0.509247,-0.557834,0.657694
3958,-0.551608,-0.650491,0.743881
3962,-0.598242,-0.743759,0.847037
3966,-0.649148,-0.832876,0.966673
3970,-0.698834,-0.911738,1
3974,-0.745468,-0.97412,1
3978,-0.784044,-1,1
3982,-0.805896,-1,1
3986,-0.806629,-1,1
3990,-0.788561,-1,1
3994,-0.756699,-0.952756,1
3998,-0.714216,-0.876213,1
4002,-0.659647,-0.777208,1
4006,-0.602393,-0.675639,1
4010,-0.540743,-0.562962,1
4014,-0.465299,-0.424403,1
4018,-0.385949,-0.284136,1
4022,-0.313679,-0.149484,1
4026,-0.266923,-0.026674,1
4030,-0.248367,0.082708,1
4034,-0.23738,0.172801,1
4038,-0.253372,0.236037,1
4042,-0.310871,0.275957,1
4046,-0.398279,0.288287,1
4050,-0.499725,0.262406,1
4054,-0.599585,0.200879,1
4058,-0.675639,0.10871,1
4062,-0.732894,0.000793,1
4066,-0.761582,-0.106757,1
4070,-0.742904,-0.210401,1
4074,-0.70506,-0.302203,1
4078,-0.641091,-0.378624,1
4082,-0.563084,-0.424892,0.989135
4086,-0.47006,-0.452359,0.590307
4090,-0.354209,-0.458341,0.13984
4094,-0.232375,-0.429897,-0.293658
4098,-0.124702,-0.383263,-0.70213
4102,-0.018739,-0.321126,-1
4106,0.084417,-0.244583,-1
4110,0.168284,-0.16511,-1
4114,0.227736,-0.092596,-1
4118,0.265092,-0.027529,-1
4122,0.295001,0.027651,-1
4126,0.319783,0.068547,-1
4130,0.329915,0.097967,-1
4134,0.336751,0.114326,-1
4138,0.345663,0.122261,-1
4142,0.344198,0.111762,-1
4146,0.351523,0.090399,-1
4150,0.362022,0.061588,-1
4154,0.373253,0.025575,-1
4158,0.37838,-0.008118,-1
4162,0.375572,-0.039492,-1
4166,0.366172,-0.071965,-1
4170,0.356162,-0.100531,-1
4174,0.356162,-0.125557,-1
4178,0.371177,-0.148141,-1
4182,0.39425,-0.16743,-1
4186,0.417811,-0.181591,-1
4190,0.433681,-0.188305,-1
4194,0.440518,-0.185985,-1
4198,0.441616,-0.174632,-1
4202,0.440029,-0.154611,-1
4206,0.435879,-0.124825,-1
4210,0.426479,-0.084783,-1
4214,0.409388,-0.034487,-1
4218,0.392907,0.021913,-1
4222,0.377281,0.083196,-1
4226,0.358115,0.146554,-1
4230,0.337484,0.207837,-1
4234,0.320271,0.257767,-1
4238,0.304523,0.302204,-1
4242,0.28438,0.345907,-1
4246,0.262284,0.379479,-1
4250,0.24092,0.403162,-1
4254,0.216993,0.416224,-1
4258,0.193432,0.422084,-1
4262,0.18037,0.415614,-1
4266,0.157663,0.396692,-1
4270,0.122993,0.371177,-1
4274,0.091009,0.339681,-0.924556
4278,0.059391,0.302326,-0.844595
4282,0.02936,0.259843,-0.76085
4286,0.003235,0.210889,-0.670756
4290,-0.029604,0.156199,-0.57285
4294,-0.061832,0.093451,-0.459806
4298,-0.077703,0.024843,-0.335897
4302,-0.093328,-0.049258,-0.193921
4306,-0.117012,-0.128731,-0.037539
4310,-0.147409,-0.209547,0.128853
4314,-0.181102,-0.278887,0.281206
4318,-0.221998,-0.344931,0.436977
4322,-0.278032,-0.416102,0.617774
4326,-0.339559,-0.478728,0.803943
4330,-0.405848,-0.530123,0.995727
4334,-0.473234,-0.571507,1
4338,-0.536349,-0.602026,1
4342,-0.588232,-0.622169,1
4346,-0.624123,-0.629494,1
4350,-0.641946,-0.621803,1
4354,-0.644998,-0.600439,1
4358,-0.633767,-0.562229,1
4362,-0.610938,-0.504853,1
4366,-0.577611,-0.42892,1
4370,-0.546847,-0.340048,1
4374,-0.522066,-0.240066,1
4378,-0.486907,-0.136788,1
4382,-0.433681,-0.037051,1
4386,-0.366294,0.050967,1
4390,-0.298907,0.119697,1
4394,-0.249466,0.187206,1
4398,-0.245804,0.265458,1
4402,-0.299274,0.335775,1
4406,-0.383263,0.389733,1
4410,-0.473601,0.419642,1
4414,-0.559299,0.422938,1
4418,-0.649637,0.403528,1
4422,-0.734847,0.37191,1
4426,-0.784777,0.323445,1
4430,-0.814198,0.265336,1
4434,-0.815907,0.208326,1
4438,-0.793078,0.155588,1
4442,-0.747909,0.110297,1
4446,-0.703961,0.066471,1
4450,-0.692852,0.036196,1
4454,-0.695416,0.017884,0.968138
4458,-0.667826,0.030214,0.576756
4462,-0.594702,0.056095,0.238601
4466,-0.492523,0.084661,-0.005921
4470,-0.36898,0.126778,-0.202588
4474,-0.225783,0.17683,-0.382042
4478,-0.103705,0.224928,-0.528414
4482,-0.006165,0.268998,-0.651834
4486,0.073186,0.302448,-0.757432
4490,0.1363,0.320027,-0.843985
4494,0.175731,0.325642,-0.910151
4498,0.192211,0.318806,-0.953733
4502,0.169505,0.304645,-0.97473
4506,0.140695,0.285723,-0.974974
4510,0.132393,0.253006,-0.952878
4514,0.138619,0.215895,-0.914301
4518,0.144113,0.175487,-0.858268
4522,0.142648,0.1363,-0.793811
4526,0.140206,0.100043,-0.72447
4530,0.153269,0.065983,-0.655252
4534,0.169383,0.031191,-0.593847
4538,0.170604,-0.00116,-0.54819
4542,0.160105,-0.02411,-0.52353
4546,0.148141,-0.042178,-0.514619
4550,0.132393,-0.067814,-0.526949
4554,0.120186,-0.087835,-0.557956
4558,0.113349,-0.101141,-0.598852
4562,0.103949,-0.112373,-0.665873
4566,0.079045,-0.12458,-0.756821
4570,0.048648,-0.130318,-0.866325
4574,0.024232,-0.125435,-0.994018
4578,0.011903,-0.112739,-1
4582,0.015321,-0.093573,-1
4586,0.032778,-0.065495,-1
4590,0.062321,-0.028505,-1
4594,0.104804,0.015565,-1
4598,0.157175,0.064518,-1
4602,0.214918,0.1175,-1
4606,0.271074,0.174632,-1
4610,0.318196,0.231765,-1
4614,0.352744,0.286578,-1
4618,0.376305,0.340902,-1
4622,0.393151,0.39364,-1
4626,0.401941,0.446133,-1
4630,0.400964,0.503632,-1
4634,0.38485,0.56052,-1
4638,0.353964,0.620094,-1
4642,0.31319,0.683086,-1
4646,0.278643,0.747787,-1
4650,0.271196,0.808216,-1
4654,0.295611,0.855704,-1
4658,0.344442,0.885003,-1
4662,0.409144,0.89367,-1
4666,0.484221,0.884881,-1
4670,0.557224,0.859,-1
4674,0.620216,0.818714,-1
4678,0.668925,0.765977,-1
4682,0.713361,0.704572,-1
4686,0.757187,0.633523,-1
4690,0.792468,0.556003,-1
4694,0.811268,0.476653,-1
4698,0.811146,0.411585,-1
4702,0.792834,0.356162,-1
4706,0.757065,0.304035,-0.879265
4710,0.712507,0.26558,-0.726668
4714,0.668803,0.239334,-0.580175
4718,0.631936,0.228224,-0.438686
4722,0.616798,0.22737,-0.303302
4726,0.572117,0.235549,-0.179515
4730,0.517182,0.253861,-0.068425
4734,0.481292,0.274126,0.033632
4738,0.458219,0.2961,0.125557
4742,0.442593,0.316242,0.20503
4746,0.423671,0.334188,0.271684
4750,0.401331,0.348959,0.325765
4754,0.378868,0.359214,0.365684
4758,0.359702,0.364463,0.391931
4762,0.342489,0.364585,0.403528
4766,0.317463,0.362144,0.400964
4770,0.278398,0.360068,0.38717
4774,0.231154,0.358359,0.369835
4778,0.180614,0.355307,0.352011
4782,0.125435,0.348715,0.336751
4786,0.070134,0.339071,0.330403
4790,0.009705,0.326619,0.33492
4794,-0.056705,0.30965,0.351279
4798,-0.129708,0.287066,0.379845
4802,-0.212965,0.258011,0.422206
4806,-0.3055,0.222853,0.473723
4810,-0.408655,0.181469,0.540866
4814,-0.51999,0.131905,0.622536
4818,-0.638528,0.073186,0.718855
4822,-0.761216,0.0047,0.829213
4826,-0.88427,-0.073064,0.953244
4830,-1,-0.157541,1
4834,-1,-0.244949,1
4838,-1,-0.330403,1
4842,-1,-0.406336,1
4846,-1,-0.468351,1
4850,-1,-0.508393,1
4854,-1,-0.531221,1
4858,-1,-0.533663,1
4862,-1,-0.509125,1
4866,-0.994995,-0.456632,1
4870,-0.868156,-0.378624,1
4874,-0.722273,-0.268998,1
4878,-0.576634,-0.137887,1
4882,-0.439541,0.001038,1
4886,-0.336141,0.143014,1
4890,-0.282061,0.284624,1
4894,-0.26143,0.411829,1
4898,-0.278765,0.512421,1
4902,-0.329549,0.580175,1
4906,-0.38778,0.614478,1
4910,-0.471159,0.613868,1
4914,-0.571995,0.582738,1
4918,-0.654642,0.513276,1
4922,-0.715193,0.409998,1
4926,-0.742294,0.305011,1
4930,-0.74205,0.187572,1
4934,-0.74266,0.0517,1
4938,-0.72325,-0.075993,1
4942,-0.680889,-0.18684,1
4946,-0.617408,-0.261552,0.834096
4950,-0.531221,-0.29085,0.392663
4954,-0.414881,-0.275224,-0.009949
4958,-0.274126,-0.229445,-0.367393
4962,-0.121895,-0.169139,-0.678447
4966,0.018373,-0.083684,-0.951169
4970,0.141305,0.002747,-1
4974,0.238235,0.08051,-1
4978,0.306476,0.142648,-1
4982,0.349692,0.187328,-1
4986,0.370811,0.215406,-1
4990,0.377648,0.229201,-1
4994,0.376305,0.231887,-1
4998,0.36959,0.225417,-1
5002,0.367027,0.211011,-1
5006,0.369102,0.192089,-1
5010,0.369102,0.165232,-1
5014,0.370689,0.128609,-1
5018,0.372887,0.087225,-1
5022,0.374229,0.044742,-1
5026,0.375572,0.005555,-1
5030,0.38192,-0.029116,-1
5034,0.396081,-0.05878,-1
5038,0.418666,-0.082219,-1
5042,0.449795,-0.099554,-1
5046,0.491058,-0.110419,-1
5050,0.542453,-0.116157,-1
5054,0.600806,-0.1175,-1
5058,0.664042,-0.115669,-1
5062,0.728255,-0.112983,-1
5066,0.784411,-0.110175,-1
5070,0.827992,-0.103827,-1
5074,0.859733,-0.092596,-1
5078,0.879998,-0.07758,-1
5082,0.89074,-0.059879,-1
5086,0.895257,-0.038149,-1
5090,0.895379,-0.01056,-1
5094,0.889153,0.022035,-1
5098,0.869987,0.063053,-1
5102,0.843374,0.11396,-1
5106,0.818226,0.178905,-1
5110,0.806995,0.25264,-1
5114,0.802234,0.330281,-1
5118,0.792346,0.405603,-1
5122,0.775011,0.477263,-1
5126,0.755478,0.540743,-1
5130,0.727645,0.595923,-1
5134,0.689068,0.643411,-1
5138,0.641702,0.677593,-1
5142,0.594336,0.699567,-1
5146,0.540621,0.712751,-1
5150,0.488128,0.710065,-0.881463
5154,0.420619,0.69505,-0.689312
5158,0.36019,0.672709,-0.520601
5162,0.285479,0.634743,-0.353598
5166,0.171824,0.583959,-0.17158
5170,0.075139,0.523408,0.001892
5174,0.011048,0.450772,0.167308
5178,-0.039858,0.371177,0.319783
5182,-0.100653,0.292193,0.453702
5186,-0.164866,0.214796,0.566746
5190,-0.221266,0.138986,0.660502
5194,-0.268022,0.065983,0.737411
5198,-0.308796,-0.00238,0.797351
5202,-0.34725,-0.066593,0.841299
5206,-0.385705,-0.128243,0.871208
5210,-0.425502,-0.187939,0.89013
5214,-0.466032,-0.246292,0.904901
5218,-0.504608,-0.301715,0.919917
5222,-0.540621,-0.353232,0.938473
5226,-0.575414,-0.399499,0.963377
5230,-0.610938,-0.440518,0.994873
5234,-0.643167,-0.471281,1
5238,-0.677959,-0.497772,1
5242,-0.722395,-0.522676,1
5246,-0.773057,-0.543185,1
5250,-0.825917,-0.56052,1
5254,-0.876213,-0.574925,1
5258,-0.919795,-0.585302,1
5262,-0.957517,-0.591162,1
5266,-0.9906,-0.591772,1
5270,-1,-0.586156,1
5274,-1,-0.571873,1
5278,-1,-0.546481,1
5282,-0.989745,-0.507905,1
5286,-0.956907,-0.455533,1
5290,-0.911982,-0.387536,1
5294,-0.856925,-0.305622,1
5298,-0.78966,-0.210889,1
5302,-0.71385,-0.105292,1
5306,-0.63633,0.008362,1
5310,-0.561863,0.126656,1
5314,-0.508759,0.231398,1
5318,-0.461759,0.3337,1
5322,-0.426723,0.442105,1
5326,-0.417689,0.536349,1
5330,-0.43478,0.611915,1
5334,-0.469694,0.661845,1
5338,-0.514863,0.684063,1
5342,-0.57053,0.678691,1
5346,-0.630349,0.648294,1
5350,-0.673076,0.59873,1
5354,-0.701642,0.522554,1
5358,-0.734481,0.426601,1
5362,-0.754135,0.324422,1
5366,-0.77379,0.225783,1
5370,-0.803577,0.13398,1
5374,-0.833852,0.063786,0.854239
5378,-0.847769,0.027406,0.447964
5382,-0.803577,0.016175,0.093084
5386,-0.704694,0.024843,-0.198315
5390,-0.583227,0.04584,-0.405481
5394,-0.456998,0.088934,-0.569798
5398,-0.301837,0.145211,-0.718122
5402,-0.136422,0.194775,-0.824941
5406,0.016175,0.231521,-0.897088
5410,0.136178,0.256302,-0.946042
5414,0.221266,0.268388,-0.978514
5418,0.2773,0.268022,-0.998169
5422,0.309772,0.255692,-1
5426,0.308063,0.232131,-1
5430,0.278154,0.199414,-0.996582
5434,0.244094,0.160349,-0.965696
5438,0.213697,0.113837,-0.916499
5442,0.182689,0.063664,-0.851065
5446,0.157786,0.012757,-0.770128
5450,0.135689,-0.034853,-0.677348
5454,0.115058,-0.074651,-0.577855
5458,0.099066,-0.107978,-0.474699
5462,0.071355,-0.128975,-0.372887
5466,0.049258,-0.138741,-0.285601
5470,0.033877,-0.141549,-0.201001
5474,0.018251,-0.135445,-0.108344
5478,0.003479,-0.120186,-0.021058
5482,-0.009583,-0.098578,0.059025
5486,-0.019471,-0.073064,0.133736
5490,-0.02643,-0.046084,0.201978
5494,-0.032778,-0.019227,0.262406
5498,-0.037783,0.007142,0.315388
5502,-0.04291,0.031191,0.360557
5506,-0.048526,0.051822,0.397546
5510,-0.053409,0.067936,0.426234
5514,-0.058292,0.079412,0.447232
5518,-0.063908,0.08576,0.459318
5522,-0.072697,0.087591,0.463346
5526,-0.084539,0.086126,0.459806
5530,-0.096991,0.081731,0.449551
5534,-0.109321,0.075139,0.433559
5538,-0.119209,0.065983,0.413294
5542,-0.128121,0.057315,0.393518
5546,-0.136422,0.048282,0.372642
5550,-0.140328,0.037905,0.348349
5554,-0.136544,0.027284,0.323689
5558,-0.124947,0.016908,0.298785
5562,-0.108954,0.00702,0.274858
5566,-0.093451,-0.000794,0.251907
5570,-0.076238,-0.006775,0.229689
5574,-0.054996,-0.012269,0.206617
5578,-0.030458,-0.017396,0.181102
5582,-0.002014,-0.020692,0.150461
5586,0.031679,-0.020692,0.110786
5590,0.068547,-0.01703,0.059757
5594,0.103705,-0.009949,-0.004456
5598,0.135567,0.001648,-0.081487
5602,0.16743,0.018129,-0.172069
5606,0.20503,0.037783,-0.276567
5610,0.250443,0.057926,-0.395227
5614,0.296588,0.076726,-0.527803
5618,0.329183,0.092352,-0.654764
5622,0.358481,0.104804,-0.788928
5626,0.388512,0.114082,-0.94653
5630,0.415614,0.117134,-1
5634,0.439175,0.114692,-1
5638,0.46066,0.107612,-1
5642,0.480559,0.098212,-1
5646,0.49704,0.090032,-1
5650,0.512543,0.085515,-1
5654,0.533907,0.085271,-1
5658,0.563572,0.090032,-1
5662,0.598853,0.101019,-1
5666,0.637063,0.118843,-1
5670,0.674052,0.14338,-1
5674,0.707013,0.174876,-1
5678,0.736312,0.21211,-1
5682,0.76378,0.254715,-1
5686,0.789782,0.300983,-1
5690,0.814808,0.350302,-1
5694,0.838735,0.402307,-1
5698,0.857779,0.449307,-1
5702,0.874748,0.497528,-1
5706,0.898553,0.552219,-1
5710,0.92712,0.603003,-1
5714,0.958372,0.647928,-1
5718,0.99121,0.687969,-1
5722,1,0.718,-1
5726,1,0.737411,-1
5730,1,0.749985,-1
5734,1,0.755478,-1
5738,1,0.753647,-1
5742,1,0.746811,-1
5746,1,0.737167,-1
5750,1,0.724837,-1
5754,1,0.712995,-1
5758,1,0.706037,-1
5762,0.983886,0.702008,-1
5766,0.951535,0.700665,-1
5770,0.900018,0.700787,-1
5774,0.823842,0.706403,-1
5778,0.756333,0.712019,-0.934688
5782,0.726912,0.702619,-0.842031
5786,0.680522,0.692852,-0.745956
5790,0.620949,0.683941,-0.648904
5794,0.559055,0.668071,-0.545016
5798,0.503388,0.650491,-0.430507
5802,0.464933,0.622536,-0.313435
5806,0.434658,0.579442,-0.197583
5810,0.410975,0.521943,-0.087957
5814,0.3901,0.454312,0.01056
5818,0.368003,0.378502,0.093817
5822,0.340902,0.297565,0.159983
5826,0.307331,0.215162,0.208936
5830,0.26204,0.134225,0.240554
5834,0.208814,0.055118,0.254959
5838,0.150949,-0.020692,0.254105
5842,0.088323,-0.091864,0.242507
5846,0.0235,-0.157663,0.227248
5850,-0.031679,-0.210401,0.216505
5854,-0.08283,-0.25911,0.212598
5858,-0.137765,-0.310749,0.21797
5862,-0.192822,-0.359702,0.232619
5866,-0.253739,-0.40719,0.256913
5870,-0.319661,-0.454679,0.290728
5874,-0.389855,-0.504242,0.336629
5878,-0.461637,-0.556736,0.395227
5882,-0.536959,-0.612403,0.469572
5886,-0.618263,-0.671122,0.558689
5890,-0.703961,-0.73326,0.66392
5894,-0.782213,-0.794421,0.786364
5898,-0.857169,-0.855948,0.923213
5902,-0.935177,-0.914546,1
5906,-1,-0.969603,1
5910,-1,-1,1
5914,-1,-1,1
5918,-1,-1,1
5922,-1,-1,1
5926,-1,-1,1
5930,-1,-1,1
5934,-1,-0.983031,1
5938,-1,-0.906733,1
5942,-1,-0.805652,1
5946,-0.999512,-0.679668,1
5950,-0.878777,-0.529268,1
5954,-0.748031,-0.360435,1
5958,-0.613502,-0.184643,1
5962,-0.506317,-0.0047,1
5966,-0.448941,0.173289,1
5970,-0.439175,0.333333,1
5974,-0.463224,0.461393,1
5978,-0.510956,0.547091,1
5982,-0.567112,0.585058,1
5986,-0.620826,0.575292,1
5990,-0.683574,0.527925,1
5994,-0.741195,0.452237,1
5998,-0.774522,0.345053,1
6002,-0.793689,0.241653,1
6006,-0.793689,0.132882,1
6010,-0.771226,0.013612,1
6014,-0.703351,-0.104926,1
6018,-0.592504,-0.20918,1
6022,-0.487762,-0.283281,1
6026,-0.403772,-0.321126,0.746322
6030,-0.31612,-0.326497,0.261918
6034,-0.201489,-0.312824,-0.180858
6038,-0.047916,-0.289874,-0.58164
6042,0.093206,-0.247146,-0.953122
6046,0.185131,-0.200513,-1
6050,0.229201,-0.150217,-1
6054,0.246292,-0.095404,-1
6058,0.26143,-0.047305,-1
6062,0.281328,-0.013612,-1
6066,0.304035,0.008851,-1
6070,0.3243,0.021303,-1
6074,0.344809,0.023012,-1
6078,0.365196,0.015199,-1
6082,0.381676,0.004822,-1
6086,0.40011,-0.008606,-1
6090,0.419642,-0.025942,-1
6094,0.434536,-0.040835,-1
6098,0.443692,-0.050235,-1
6102,0.447354,-0.051944,-1
6106,0.449673,-0.045352,-1
6110,0.462003,-0.033022,-1
6114,0.490081,-0.016664,-1
6118,0.536593,0.000793,-1
6122,0.583837,0.0235,-1
6126,0.620338,0.058048,-1
6130,0.652323,0.10224,-1
6134,0.687237,0.151926,-1
6138,0.726912,0.204053,-1
6142,0.769517,0.257523,-1
6146,0.812366,0.308552,-1
6150,0.847403,0.357139,-1
6154,0.874016,0.404261,-1
6158,0.894525,0.441006,-1
6162,0.910029,0.476653,-1
6166,0.91772,0.517549,-1
6170,0.916987,0.557346,-1
6174,0.919062,0.59226,-1
6178,0.926631,0.621681,-1
6182,0.935787,0.644387,-1
6186,0.937008,0.66099,-1
6190,0.904901,0.674785,-1
6194,0.848624,0.68333,-1
6198,0.781359,0.684795,-1
6202,0.705304,0.683086,-1
6206,0.628395,0.685161,-1
6210,0.536715,0.689556,-1
6214,0.446499,0.690045,-0.894159
6218,0.381188,0.675761,-0.691265
6222,0.334432,0.640969,-0.470549
6226,0.269365,0.593115,-0.248733
6230,0.182445,0.535494,-0.042666
6234,0.100775,0.479583,0.119453
6238,0.023012,0.42184,0.264237
6242,-0.05756,0.358115,0.411097
6246,-0.128487,0.300617,0.538302
6250,-0.190258,0.25032,0.647073
6254,-0.241531,0.206983,0.736922
6258,-0.279985,0.166819,0.809559
6262,-0.305744,0.132027,0.865959
6266,-0.327107,0.101508,0.903192
6270,-0.348105,0.069157,0.91833
6274,-0.364097,0.033877,0.910883
6278,-0.381066,-0.004334,0.882439
6282,-0.40719,-0.045596,0.839224
6286,-0.446377,-0.090887,0.790148
6290,-0.491058,-0.141671,0.744735
6294,-0.532198,-0.198926,0.711408
6298,-0.571263,-0.261918,0.693341
6302,-0.614845,-0.326863,0.691632
6306,-0.666239,-0.391198,0.70567
6310,-0.714948,-0.445889,0.72972
6314,-0.765,-0.498505,0.764878
6318,-0.822987,-0.555271,0.818837
6322,-0.879631,-0.607154,0.889275
6326,-0.931881,-0.653421,0.980101
6330,-0.975829,-0.693829,1
6334,-1,-0.726302,1
6338,-1,-0.748764,1
6342,-1,-0.759141,1
6346,-1,-0.757676,1
6350,-1,-0.745834,1
6354,-1,-0.724348,1
6358,-1,-0.695294,1
6362,-1,-0.659037,1
6366,-1,-0.617286,1
6370,-1,-0.569432,1
6374,-1,-0.516572,1
6378,-1,-0.457975,1
6382,-1,-0.390588,1
6386,-1,-0.316853,1
6390,-0.976561,-0.247757,1
6394,-0.888665,-0.172923,1
6398,-0.789904,-0.08051,1
6402,-0.705548,0.013856,1
6406,-0.645364,0.101141,1
6410,-0.605811,0.176097,1
6414,-0.581395,0.230422,1
6418,-0.553073,0.256302,1
6422,-0.517305,0.25264,1
6426,-0.497162,0.228713,1
6430,-0.500946,0.193432,1
6434,-0.517305,0.138863,1
6438,-0.531099,0.071232,1
6442,-0.531343,-0.007508,1
6446,-0.517305,-0.090887,1
6450,-0.472136,-0.172557,0.972533
6454,-0.389123,-0.249832,0.59226
6458,-0.283404,-0.31197,0.225172
6462,-0.169139,-0.354453,-0.122871
6466,-0.069279,-0.375572,-0.409754
6470,0.023988,-0.383019,-0.676738
6474,0.120552,-0.378258,-0.953122
6478,0.197339,-0.360068,-1
6482,0.242141,-0.333944,-1
6486,0.260209,-0.2961,-1
6490,0.271318,-0.254959,-1
6494,0.275224,-0.213819,-1
6498,0.270219,-0.173167,-1
6502,0.255814,-0.133614,-1
6506,0.238479,-0.095892,-1
6510,0.218824,-0.060978,-1
6514,0.203321,-0.031923,-1
6518,0.204297,-0.011903,-1
6522,0.222243,-0.000305,-1
6526,0.257767,0.0047,-1
6530,0.310749,-0.003479,-1
6534,0.367637,-0.022401,-1
6538,0.394494,-0.041934,-1
6542,0.390466,-0.058048,-0.90014
6546,0.365684,-0.072941,-0.804431
6550,0.322957,-0.08869,-0.734603
6554,0.269975,-0.102606,-0.70445
6558,0.213941,-0.114326,-0.705915
6562,0.157663,-0.12336,-0.729476
6566,0.105414,-0.12751,-0.770372
6570,0.066715,-0.127999,-0.826772
6574,0.044619,-0.12458,-0.900262
6578,0.046084,-0.113349,-0.996582
6582,0.070866,-0.090887,-1
6586,0.109076,-0.0517,-1
6590,0.152292,0.004944,-1
6594,0.192211,0.078801,-1
6598,0.228835,0.163767,-1
6602,0.282305,0.250198,-1
6606,0.362022,0.325398,-1
6610,0.447476,0.387292,-1
6614,0.512055,0.44125,-1
6618,0.542453,0.484344,-1
6622,0.549777,0.524507,-1
6626,0.542941,0.568821,-1
6630,0.529268,0.612037,-1
6634,0.522676,0.652689,-1
6638,0.525118,0.682842,-1
6642,0.530123,0.701398,-1
6646,0.567112,0.699078,-1
6650,0.624245,0.670268,-1
6654,0.691509,0.61338,-1
6658,0.754135,0.52939,-1
6662,0.80492,0.41952,-1
6666,0.808338,0.300983,-1
6670,0.721052,0.187572,-1
6674,0.546603,0.080388,-0.717878
6678,0.357505,-0.014466,-0.386193
6682,0.186108,-0.091131,-0.054264
6686,0.0235,-0.149484,0.273149
6690,-0.150095,-0.182689,0.587133
6694,-0.282671,-0.195752,0.847525
6698,-0.381432,-0.19685,1
6702,-0.469694,-0.187817,1
6706,-0.533785,-0.167796,1
6710,-0.57578,-0.141305,1
6714,-0.598608,-0.110053,1
6718,-0.609717,-0.07636,1
6722,-0.61753,-0.043154,1
6726,-0.624855,-0.012879,1
6730,-0.633645,0.012269,1
6734,-0.644265,0.031557,1
6738,-0.661845,0.045596,1
6742,-0.689556,0.052188,1
6746,-0.723372,0.050235,1
6750,-0.762315,0.040835,1
6754,-0.806751,0.023988,1
6758,-0.855094,-0.000427,1
6762,-0.902338,-0.030092,1
6766,-0.942623,-0.062565,1
6770,-0.970091,-0.094183,1
6774,-0.9812,-0.119453,1
6778,-0.978392,-0.13923,1
6782,-0.962888,-0.153147,1
6786,-0.939938,-0.156076,1
6790,-0.910517,-0.149118,1
6794,-0.87072,-0.130318,1
6798,-0.821889,-0.096991,1
6802,-0.765244,-0.055118,1
6806,-0.706037,-0.006043,1
6810,-0.646707,0.049502,1
6814,-0.59519,0.108344,1
6818,-0.546847,0.166575,1
6822,-0.493377,0.221266,1
6826,-0.43417,0.269243,1
6830,-0.370811,0.305866,1
6834,-0.304279,0.328572,1
6838,-0.232619,0.336385,1
6842,-0.156321,0.327962,1
6846,-0.075627,0.307697,1
6850,-0.025819,0.285113,1
6854,-0.00177,0.254959,0.965208
6858,0.010682,0.207715,0.670024
6862,0.006531,0.150827,0.350913
6866,0.006287,0.089422,0.033388
6870,0.035708,0.016541,-0.260819
6874,0.101264,-0.064884,-0.524385
6878,0.190258,-0.148752,-0.755844
6882,0.278887,-0.229079,-0.960203
6886,0.34957,-0.300006,-1
6890,0.399866,-0.359092,-1
6894,0.431484,-0.408045,-1
6898,0.446133,-0.445889,-1
6902,0.449551,-0.47177,-1
6906,0.447354,-0.487029,-1
6910,0.448575,-0.489471,-1
6914,0.458585,-0.482512,-1
6918,0.476897,-0.468351,-1
6922,0.505829,-0.449429,-1
6926,0.540621,-0.430019,-1
6930,0.584325,-0.409388,-1
6934,0.64219,-0.384972,-1
6938,0.700421,-0.359336,-1
6942,0.750473,-0.329671,-1
6946,0.787096,-0.2961,-1
6950,0.810535,-0.25557,-1
6954,0.835561,-0.210767,-1
6958,0.867912,-0.162913,-1
6962,0.900995,-0.110175,-1
6966,0.926998,-0.050235,-1
6970,0.942379,0.019227,-1
6974,0.941403,0.099676,-1
6978,0.92773,0.191967,-1
6982,0.903559,0.292559,-1
6986,0.873894,0.397913,-1
6990,0.85192,0.50644,-1
6994,0.847769,0.611793,-1
6998,0.852042,0.706891,-1
7002,0.845572,0.78087,-1
7006,0.810291,0.855704,-1
7010,0.744613,0.946652,-1
7014,0.696759,1,-1
7018,0.699567,1,-1
7022,0.725813,1,-1
7026,0.75499,1,-1
7030,0.759629,1,-1
7034,0.687603,1,-1
7038,0.582006,1,-1
7042,0.505097,1,-1
7046,0.472258,1,-1
7050,0.442349,0.992553,-0.844717
7054,0.382653,0.930416,-0.629616
7058,0.298419,0.865592,-0.421107
7062,0.231276,0.79967,-0.223952
7066,0.1833,0.728255,-0.04169
7070,0.137521,0.652567,0.12104
7074,0.09638,0.574437,0.261185
7078,0.054386,0.492889,0.377281
7082,0.017762,0.419276,0.459684
7086,-0.012269,0.343466,0.524263
7090,-0.041323,0.254837,0.579686
7094,-0.065617,0.166575,0.614601
7098,-0.082586,0.07929,0.62986
7102,-0.093695,-0.006653,0.624123
7106,-0.106513,-0.088934,0.598242
7110,-0.128487,-0.166697,0.550876
7114,-0.159128,-0.243118,0.487518
7118,-0.200635,-0.316853,0.413538
7122,-0.252518,-0.385949,0.336019
7126,-0.308918,-0.45126,0.263749
7130,-0.361777,-0.510346,0.206128
7134,-0.40719,-0.566014,0.16743
7138,-0.446988,-0.619972,0.148874
7142,-0.49118,-0.672221,0.149362
7146,-0.545627,-0.724348,0.170359
7150,-0.607642,-0.778673,0.215406
7154,-0.670756,-0.838369,0.287432
7158,-0.72447,-0.896844,0.372276
7162,-0.779283,-0.9624,0.477629
7166,-0.847647,-1,0.619239
7170,-0.915644,-1,0.781603
7174,-0.968748,-1,0.966184
7178,-1,-1,1
7182,-1,-1,1
7186,-1,-1,1
7190,-1,-1,1
7194,-1,-1,1
7198,-1,-1,1
7202,-1,-1,1
7206,-1,-1,1
7210,-1,-1,1
7214,-1,-1,1
7218,-1,-1,1
7222,-0.940548,-0.944577,1
7226,-0.806629,-0.809681,1
7230,-0.665873,-0.663187,1
7234,-0.601294,-0.513642,1
7238,-0.602026,-0.35079,1
7242,-0.631325,-0.179149,1
7246,-0.666728,-0.035708,1
7250,-0.693951,0.068547,1
7254,-0.719954,0.134469,1
7258,-0.738876,0.167552,1
7262,-0.738754,0.164988,1
7266,-0.757309,0.137643,1
7270,-0.781481,0.09516,1
7274,-0.775621,0.036318,1
7278,-0.72386,-0.031679,1
7282,-0.633034,-0.090276,1
7286,-0.534395,-0.125679,1
7290,-0.440396,-0.135812,0.662333
7294,-0.337118,-0.127144,0.190014
7298,-0.19978,-0.104193,-0.229567
7302,-0.031557,-0.076482,-0.596045
7306,0.138131,-0.044375,-0.918208
7310,0.255936,-0.010071,-1
7314,0.318318,0.028871,-1
7318,0.345419,0.075749,-1
7322,0.357505,0.117744,-1
7326,0.369346,0.150705,-1
7330,0.379357,0.175609,-1
7334,0.388024,0.192944,-1
7338,0.400964,0.20271,-1
7342,0.399133,0.210279,-1
7346,0.404993,0.2115,-1
7350,0.436855,0.200757,-1
7354,0.479583,0.179149,-1
7358,0.523653,0.151193,-1
7362,0.567845,0.119209,-1
7366,0.612281,0.08637,-1
7370,0.649148,0.058292,-1
7374,0.68565,0.036562,-1
7378,0.718733,0.023134,-1
7382,0.75206,0.018373,-1
7386,0.791735,0.021058,-1
7390,0.827992,0.02936,-1
7394,0.864616,0.043032,-1
7398,0.902094,0.065128,-1
7402,0.926753,0.095892,-1
7406,0.94299,0.13691,-1
7410,0.951047,0.188427,-1
7414,0.953366,0.248611,-1
7418,0.950436,0.317097,-1
7422,0.948972,0.390344,-1
7426,0.960325,0.464079,-1
7430,0.938351,0.530245,-1
7434,0.897699,0.593969,-1
7438,0.878411,0.667582,-1
7442,0.88073,0.734603,-1
7446,0.859488,0.792468,-1
7450,0.812611,0.847159,-1
7454,0.757798,0.894281,-1
7458,0.698468,0.926509,-1
7462,0.63865,0.941647,-1
7466,0.585302,0.941036,-1
7470,0.539523,0.925411,-1
7474,0.474211,0.888665,-1
7478,0.409876,0.831655,-0.883294
7482,0.346762,0.756699,-0.650858
7486,0.27205,0.669413,-0.42831
7490,0.180858,0.57578,-0.227126
7494,0.078435,0.47946,-0.051822
7498,-0.027651,0.383751,0.099921
7502,-0.131783,0.289385,0.229567
7506,-0.225539,0.198804,0.33785
7510,-0.308796,0.11518,0.424159
7514,-0.383629,0.039858,0.488372
7518,-0.450406,-0.026064,0.53232
7522,-0.505951,-0.082341,0.560642
7526,-0.546969,-0.129586,0.577123
7530,-0.574681,-0.169017,0.586278
7534,-0.58872,-0.2021,0.589941
7538,-0.594702,-0.229689,0.590063
7542,-0.595923,-0.250198,0.587621
7546,-0.594336,-0.26851,0.583593
7550,-0.593603,-0.288531,0.577855
7554,-0.596655,-0.308918,0.573338
7558,-0.602026,-0.330892,0.575169
7562,-0.605323,-0.357383,0.590185
7566,-0.605567,-0.389367,0.624123
7570,-0.606055,-0.428676,0.6804
7574,-0.609351,-0.476042,0.756821
7578,-0.618873,-0.532686,0.849478
7582,-0.640969,-0.597388,0.953855
7586,-0.678569,-0.667582,1
7590,-0.727522,-0.740096,1
7594,-0.786852,-0.810657,1
7598,-0.853873,-0.873894,1
7602,-0.920894,-0.925411,1
7606,-0.979125,-0.962156,1
7610,-1,-0.982909,1
7614,-1,-0.98767,1
7618,-1,-0.97827,1
7622,-1,-0.954465,1
7626,-0.952634,-0.910761,1
7630,-0.873283,-0.849722,1
7634,-0.785876,-0.772691,1
7638,-0.696148,-0.681743,1
7642,-0.612891,-0.579686,1
7646,-0.543429,-0.469694,1
7650,-0.491302,-0.357627,1
7654,-0.450162,-0.247513,1
7658,-0.427211,-0.141061,1
7662,-0.425014,-0.04523,1
7666,-0.442105,0.03644,1
7670,-0.464201,0.098456,1
7674,-0.47824,0.137154,1
7678,-0.48764,0.153635,1
7682,-0.505707,0.157175,1
7686,-0.522676,0.147531,1
7690,-0.531832,0.123115,1
7694,-0.536105,0.091986,1
7698,-0.531343,0.050357,1
7702,-0.526582,-0.00177,1
7706,-0.515962,-0.056095,1
7710,-0.496185,-0.107245,1
7714,-0.485931,-0.141183,1
7718,-0.46237,-0.160471,0.818592
7722,-0.422206,-0.161692,0.452725
7726,-0.36251,-0.139718,0.114936
7730,-0.279375,-0.101019,-0.186474
7734,-0.176219,-0.056461,-0.450162
7738,-0.06403,-0.007996,-0.672587
7742,0.046939,0.034853,-0.855582
7746,0.141183,0.068669,-1
7750,0.208326,0.091986,-1
7754,0.245926,0.106513,-1
7758,0.260209,0.112739,-1
7762,0.260087,0.119697,-1
7766,0.258866,0.118232,-1
7770,0.277056,0.104193,-1
7774,0.3055,0.084051,-1
7778,0.335775,0.057071,-1
7782,0.365562,0.022035,-1
7786,0.390466,-0.012879,-1
7790,0.409144,-0.047183,-1
7794,0.420009,-0.07758,-1
7798,0.425014,-0.103949,-1
7802,0.400964,-0.119941,-1
7806,0.37899,-0.128121,-1
7810,0.379235,-0.132882,-1
7814,0.388512,-0.130074,-1
7818,0.402796,-0.120063,-1
7822,0.422572,-0.100409,-1
7826,0.447598,-0.073674,-1
7830,0.478484,-0.041201,-1
7834,0.515473,-0.0047,-1
7838,0.560032,0.034975,-1
7842,0.611182,0.074284,-1
7846,0.664042,0.113349,-1
7850,0.707624,0.148386,-1
7854,0.744857,0.184154,-1
7858,0.775377,0.226149,-1
7862,0.788317,0.269731,-1
7866,0.785143,0.316242,-1
7870,0.766709,0.36959,-1
7874,0.7368,0.43185,-1
7878,0.707502,0.502655,-1
7882,0.69505,0.577733,-1
7886,0.708722,0.647806,-1
7890,0.743393,0.709455,-1
7894,0.789904,0.760239,-1
7898,0.836172,0.798816,-1
7902,0.867179,0.826772,-1
7906,0.873772,0.847159,-1
7910,0.859,0.860709,-1
7914,0.844473,0.861564,-1
7918,0.828847,0.848868,-1
7922,0.795642,0.827748,-1
7926,0.759873,0.801013,-1
7930,0.723616,0.764268,-1
7934,0.677226,0.713239,-1
7938,0.618019,0.652689,-1
7942,0.543795,0.585058,-0.91772
7946,0.468473,0.511933,-0.721541
7950,0.386071,0.435879,-0.525606
7954,0.297198,0.36019,-0.332845
7958,0.208448,0.281694,-0.142526
7962,0.116767,0.203565,0.041323
7966,0.035708,0.132638,0.21504
7970,-0.042056,0.065251,0.374718
7974,-0.121651,0.001404,0.517549
7978,-0.192578,-0.058903,0.644754
7982,-0.253006,-0.116157,0.759385
7986,-0.305744,-0.168895,0.863639
7990,-0.351157,-0.217604,0.958494
7994,-0.392907,-0.263505,1
7998,-0.436245,-0.307331,1
8002,-0.479949,-0.346396,1
8006,-0.534151,-0.386925,1
8010,-0.606055,-0.436977,1
8014,-0.687115,-0.492767,1
8018,-0.775865,-0.55405,1
8022,-0.870109,-0.620094,1
8026,-0.968504,-0.6898,1
8030,-1,-0.761216,1
8034,-1,-0.832143,1
8038,-1,-0.901483,1
8042,-1,-0.966551,1
8046,-1,-1,1
8050,-1,-1,1
8054,-1,-1,1
8058,-1,-1,1
8062,-1,-1,1
8066,-1,-1,1
8070,-1,-1,1
8074,-1,-0.964231,1
8078,-0.934688,-0.86254,1
8082,-0.831655,-0.756455,1
8086,-0.729842,-0.632668,1
8090,-0.629982,-0.478972,1
8094,-0.547458,-0.315632,1
8098,-0.487884,-0.150705,1
8102,-0.459195,0.009461,1
8106,-0.440151,0.150095,1
8110,-0.42477,0.265824,1
8114,-0.418666,0.355307,1
8118,-0.42599,0.416834,1
8122,-0.441616,0.446255,1
8126,-0.461271,0.447842,1
8130,-0.479582,0.417933,1
8134,-0.503632,0.362632,1
8138,-0.504975,0.283526,1
8142,-0.493744,0.193798,1
8146,-0.471159,0.100531,1
8150,-0.424525,0.010926,1
8154,-0.364585,-0.061222,0.738631
8158,-0.307331,-0.102606,0.353842
8162,-0.241043,-0.127632,-0.008118
8166,-0.143624,-0.144723,-0.386559
8170,-0.018739,-0.155344,-0.726058
8174,0.11811,-0.166453,-1
8178,0.236159,-0.168773,-1
8182,0.310017,-0.162913,-1
8186,0.346762,-0.152048,-1
8190,0.367393,-0.140328,-1
8194,0.379112,-0.13044,-1
8198,0.389001,-0.123604,-1
8202,0.402307,-0.119575,-1
8206,0.420375,-0.120674,-1
8210,0.447964,-0.126534,-1
8214,0.482879,-0.139108,-1
8218,0.516206,-0.157297,-1
8222,0.538546,-0.175609,-1
8226,0.548434,-0.186718,-1
8230,0.569554,-0.190014,-1
8234,0.598608,-0.188183,-1
8238,0.61106,-0.179027,-1
8242,0.633156,-0.163889,-1
8246,0.679668,-0.150583,-1
8250,0.733626,-0.137154,-1
8254,0.782946,-0.118232,-1
8258,0.82433,-0.091375,-1
8262,0.856681,-0.054141,-1
8266,0.874992,-0.009461,-1
8270,0.864494,0.042788,-1
8274,0.837637,0.0987,-1
8278,0.819569,0.158762,-1
8282,0.816029,0.217237,-1
8286,0.831289,0.273149,-1
8290,0.853873,0.320515,-1
8294,0.853995,0.366905,-1
8298,0.823354,0.411341,-1
8302,0.770372,0.445889,-1
8306,0.698224,0.462247,-1
8310,0.61106,0.457242,-1
8314,0.501679,0.43185,-1
8318,0.36251,0.384118,-0.848013
8322,0.208692,0.322713,-0.52585
8326,0.062809,0.243728,-0.188183
8330,-0.073552,0.147409,0.164011
8334,-0.223219,0.046573,0.508637
8338,-0.388879,-0.050113,0.822743
8342,-0.547336,-0.137399,1
8346,-0.682598,-0.210889,1
8350,-0.794177,-0.268998,1
8354,-0.884148,-0.312458,1
8358,-0.953855,-0.342733,1
8362,-1,-0.362144,1
8366,-1,-0.373131,1
8369,-1,-0.376305,1
8374,-1,-0.373253,1
8378,-1,-0.363853,1
8382,-1,-0.348471,1
8386,-1,-0.329061,1
8390,-1,-0.303424,1
8394,-1,-0.269487,1
8398,-0.985473,-0.231154,1
8402,-0.921138,-0.187939,1
8406,-0.854483,-0.138497,1
8410,-0.796496,-0.083318,1
8414,-0.740341,-0.022767,1
8418,-0.690777,0.043154,1
8422,-0.653543,0.107245,1
8426,-0.626198,0.166697,1
8430,-0.60459,0.219923,1
8434,-0.584569,0.260575,1
8438,-0.559299,0.285235,1
8442,-0.527071,0.294391,1
8446,-0.491546,0.29378,1
8450,-0.459806,0.285845,1
8454,-0.434902,0.271562,1
8458,-0.417079,0.251297,1
8462,-0.459195,0.224562,1
8466,-1,0.420253,1
8470,-1,0.690045,-0.055484
8474,-0.899408,0.337606,-0.243728
8478,0.119209,0.11518,-0.183056
8482,0.488494,0.012391,-0.203687
8486,0.750351,-0.112373,-0.169749
8490,0.929073,-0.225783,-0.268632
8494,0.928707,-0.308918,-0.468718
8498,0.737777,-0.345907,-0.721296
8502,0.425014,-0.352377,-0.987426
8506,0.116157,-0.341024,-1
8510,-0.065251,-0.333578,-1
8514,-0.101508,-0.340048,-1
8518,-0.039004,-0.352988,-1
8522,0.072941,-0.368492,-1
8526,0.184032,-0.38131,-1
8530,0.24678,-0.379479,-1
8534,0.258011,-0.36251,-1
8538,0.239456,-0.336629,-0.934444
8542,0.216383,-0.308796,-0.856314
8546,0.193432,-0.2773,-0.77733
8550,0.169139,-0.23677,-0.682476
8554,0.148386,-0.190869,-0.581395
8558,0.134835,-0.142037,-0.47824
8562,0.122749,-0.090887,-0.37838
8566,0.108344,-0.037417,-0.288531
8570,0.123237,0.012635,-0.211133
8574,0.150461,0.049014,-0.15156
8578,0.099066,0.09284,-0.116035
8582,0.044619,0.131417,-0.098089
8586,0.026064,0.151804,-0.086492
8590,0.019838,0.158762,-0.075139
8594,-0.000916,0.159495,-0.06464
8598,-0.01764,0.154978,-0.056095
8602,-0.005921,0.139718,-0.048038
8606,0.019471,0.117744,-0.0423
8610,0.039614,0.096991,-0.044009
8614,0.047305,0.080632,-0.057071
8618,0.044375,0.068791,-0.078679
8622,0.035219,0.060367,-0.108832
8626,0.024965,0.054019,-0.150827
8630,0.023988,0.049869,-0.196972
8634,0.032656,0.047183,-0.244949
8638,0.046817,0.046451,-0.294268
8642,0.062443,0.04816,-0.345541
8646,0.077825,0.0517,-0.399499
8650,0.093206,0.056339,-0.456754
8654,0.106757,0.061222,-0.516816
8658,0.1175,0.06757,-0.578099
8662,0.126289,0.07343,-0.637673
8666,0.135079,0.078923,-0.693707
8670,0.148752,0.082586,-0.7462
8674,0.167308,0.084295,-0.797717
8678,0.18745,0.084539,-0.84899
8682,0.206495,0.084661,-0.901727
8686,0.224806,0.084905,-0.955075
8690,0.243606,0.085271,-1
8694,0.26143,0.086004,-1
8698,0.280718,0.08698,-1
8702,0.304645,0.088445,-1
8706,0.331014,0.089788,-1
8710,0.356894,0.091864,-1
8714,0.378868,0.09516,-1
8718,0.396448,0.100531,-1
8722,0.412318,0.107856,-1
8726,0.427822,0.115913,-1
8730,0.443447,0.125679,-1
8734,0.460294,0.137276,-1
8738,0.476897,0.149728,-1
8742,0.491546,0.163767,-1
8746,0.504242,0.18037,-1
8750,0.517305,0.19856,-1
8754,0.534151,0.216871,-1
8758,0.558323,0.235549,-1
8762,0.589453,0.253128,-1
8766,0.622414,0.26912,-1
8770,0.65098,0.284746,-1
8774,0.672465,0.298785,-1
8778,0.691387,0.312092,-1
8782,0.711408,0.326985,-1
8786,0.728621,0.341024,-1
8790,0.741195,0.354575,-1
8794,0.750473,0.367271,-1
8798,0.757187,0.378502,-1
8802,0.762803,0.388024,-1
8806,0.76732,0.395593,-1
8810,0.771959,0.400964,-1
8814,0.774278,0.403528,-1
8818,0.766587,0.401453,-1
8822,0.756455,0.399622,-1
8826,0.735946,0.395837,-1
8830,0.707868,0.393029,-1
8834,0.673564,0.390954,-1
8838,0.638039,0.3901,-1
8842,0.599951,0.389245,-1
8846,0.56113,0.38839,-1
8850,0.529512,0.384484,-0.952023
8854,0.498749,0.376915,-0.865592
8858,0.458585,0.358359,-0.749252
8862,0.403528,0.335897,-0.620582
8866,0.335653,0.304035,-0.477019
8870,0.263505,0.257767,-0.320515
8874,0.182201,0.198315,-0.150949
8878,0.090643,0.122383,0.033144
8882,-0.008851,0.030214,0.224318
8886,-0.116401,-0.073186,0.415248
8890,-0.231643,-0.183666,0.596533
8894,-0.352255,-0.295245,0.761338
8898,-0.471525,-0.403528,0.907953
8901,-0.587133,-0.502655,1
8906,-0.686748,-0.587255,1
8910,-0.77318,-0.656595,1
8914,-0.850577,-0.711896,1
8918,-0.911005,-0.754746,1
8922,-0.954831,-0.786852,1
8926,-0.982177,-0.805286,1
8930,-1,-0.812855,1
8934,-1,-0.809192,1
8938,-1,-0.791369,1
8942,-1,-0.760361,1
8946,-0.98767,-0.716413,1
8950,-0.955075,-0.659037,1
8954,-0.911127,-0.590307,1
8958,-0.858024,-0.510346,1
8962,-0.804798,-0.421962,1
8966,-0.756821,-0.328328,1
8970,-0.70799,-0.231887,1
8974,-0.658548,-0.137765,1
8978,-0.610328,-0.049014,1
8982,-0.553195,0.030825,1
8986,-0.480193,0.101141,1
8990,-0.397546,0.157908,1
8994,-0.324666,0.203198,1
8998,-0.265824,0.236159,1
9002,-0.233352,0.264115,1
9006,-0.227736,0.290606,1
9010,-0.226393,0.307697,1
9014,-0.237136,0.309162,1
9018,-0.238967,0.299396,0.803943
9022,-0.204297,0.291827,0.45065
9026,-0.125069,0.287554,0.13276
9030,0.005432,0.237014,-0.170604
9034,0.157419,0.17805,-0.45944
9038,0.286211,0.120186,-0.727522
9042,0.366783,0.068791,-0.966307
9046,0.404261,0.030825,-1
9050,0.419154,0.00177,-1
9054,0.432216,-0.022767,-1
9058,0.45004,-0.042666,-1
9062,0.467863,-0.056339,-1
9066,0.48471,-0.067326,-1
9070,0.502411,-0.069523,-1
9074,0.526705,-0.066471,-1
9078,0.549899,-0.06049,-1
9082,0.572484,-0.050723,-1
9086,0.594091,-0.034731,-1
9090,0.612525,-0.016175,-1
9094,0.623756,0.006897,-1
9098,0.628884,0.033388,-1
9102,0.631691,0.06049,-1
9106,0.633889,0.088812,-1
9110,0.639626,0.116767,-1
9114,0.651346,0.143258,-1
9118,0.668315,0.168162,-1
9122,0.685894,0.191845,-1
9126,0.697857,0.214674,-1
9130,0.702008,0.237624,-1
9134,0.696881,0.261552,-1
9138,0.684429,0.285235,-1
9142,0.668193,0.308429,-1
9146,0.649881,0.329427,-1
9150,0.634133,0.347372,-1
9154,0.623756,0.36019,-1
9158,0.614601,0.368248,-1
9162,0.604468,0.370445,-1
9166,0.590917,0.367759,-1
9170,0.570286,0.359336,-1
9173,0.543185,0.340658,-1
9178,0.514497,0.318806,-1
9182,0.486907,0.292804,-1
9186,0.450162,0.260697,-0.898675
9190,0.404505,0.223341,-0.78966
9194,0.350424,0.180004,-0.677348
9198,0.289507,0.130684,-0.558079
9202,0.228346,0.072697,-0.430507
9206,0.167063,0.007142,-0.293414
9210,0.101019,-0.063175,-0.1457
9214,0.027773,-0.137032,0.012025
9218,-0.047183,-0.213331,0.174999
9222,-0.123115,-0.288897,0.336629
9226,-0.213087,-0.359702,0.49118
9230,-0.31197,-0.42306,0.635964
9234,-0.398889,-0.472624,0.756821
9238,-0.490081,-0.516938,0.87487
9242,-0.597754,-0.560154,1
9246,-0.701764,-0.594824,1
9250,-0.798694,-0.622536,1
9254,-0.889275,-0.64219,1
9258,-0.972899,-0.652567,1
9262,-1,-0.655374,1
9266,-1,-0.650613,1
9270,-1,-0.63572,1
9274,-1,-0.611671,1
9278,-1,-0.575414,1
9282,-1,-0.526949,1
9286,-0.988036,-0.46591,1
9290,-0.947873,-0.393518,1
9294,-0.913813,-0.313191,1
9298,-0.880852,-0.230178,1
9302,-0.840811,-0.148019,1
9306,-0.788073,-0.068303,1
9310,-0.736068,-0.003601,1
9314,-0.685039,0.056705,1
9318,-0.63865,0.122749,1
9322,-0.616798,0.183544,1
9326,-0.615333,0.23091,1
9329,-0.630959,0.265702,1
9334,-0.649515,0.279009,1
9338,-0.658548,0.265824,1
9342,-0.656229,0.238601,1
9346,-0.632668,0.204419,1
9350,-0.584569,0.156809,1
9354,-0.511079,0.104315,1
9358,-0.411585,0.054996,1
9362,-0.307087,0.009583,1
9366,-0.209424,-0.025453,0.603003
9370,-0.120186,-0.049991,0.113837
9374,-0.029604,-0.068058,-0.350424
9378,0.075139,-0.087835,-0.780748
9382,0.194897,-0.108954,-1
9386,0.286944,-0.127266,-1
9390,0.340658,-0.138986,-1
9394,0.37191,-0.145089,-1
9398,0.394616,-0.147897,-1
9402,0.422084,-0.149728,-1
9406,0.45712,-0.149973,-1
9410,0.494842,-0.149484,-1
9414,0.53525,-0.150217,-1
9418,0.574803,-0.147287,-1
9422,0.612281,-0.141793,-1
9426,0.647806,-0.135567,-1
9430,0.677471,-0.126411,-1
9434,0.693585,-0.112617,-1
9438,0.693707,-0.090399,-1
9442,0.684673,-0.060123,-1
9446,0.681621,-0.023744,-1
9450,0.694439,0.013734,-1
9454,0.725935,0.049014,-1
9458,0.774156,0.077825,-1
9462,0.830312,0.098944,-1
9466,0.875359,0.112617,-1
9470,0.908686,0.122871,-1
9473,0.935299,0.133614,-1
9478,0.956174,0.141427,-1
9482,0.974852,0.145089,-1
9486,0.990356,0.148141,-1
9490,1,0.151315,-1
9494,1,0.154123,-1
9498,1,0.158396,-1
9502,1,0.164866,-1
9506,0.996338,0.171947,-1
9510,0.990478,0.180004,-1
9514,0.980468,0.188671,-1
9518,0.966551,0.200879,-1
9522,0.948727,0.214063,-1
9526,0.927608,0.227248,-1
9530,0.900751,0.24092,-1
9534,0.866569,0.254471,-1
9538,0.825063,0.266923,-1
9542,0.78319,0.274858,-1
9546,0.731185,0.282793,-1
9550,0.664896,0.2961,-1
9554,0.60166,0.30672,-1
9558,0.521333,0.315876,-0.975707
9562,0.436001,0.320149,-0.835439
9566,0.359336,0.3149,-0.685284
9570,0.290484,0.299762,-0.530977
9574,0.221144,0.277422,-0.376793
9578,0.148141,0.249222,-0.229689
9582,0.072331,0.21443,-0.093939
9586,0.005432,0.178172,0.028505
9590,-0.050967,0.137521,0.136666
9594,-0.112128,0.095892,0.228957
9598,-0.171947,0.051822,0.305133
9602,-0.224684,0.003113,0.36605
9606,-0.278642,-0.047549,0.409388
9610,-0.339803,-0.097357,0.434414
9614,-0.403528,-0.145822,0.441738
9618,-0.456998,-0.189037,0.437222
9622,-0.505463,-0.233718,0.426479
9626,-0.553562,-0.285967,0.412562
9630,-0.592749,-0.340658,0.401209
9634,-0.621681,-0.397668,0.395959
9638,-0.643655,-0.45419,0.398889
9642,-0.659037,-0.505463,0.414759
9646,-0.664164,-0.548068,0.450772
9650,-0.655741,-0.580663,0.513764
9654,-0.6334,-0.600806,0.60459
9658,-0.606665,-0.608741,0.718122
9662,-0.58933,-0.605323,0.847769
9666,-0.589086,-0.589575,0.986938
9670,-0.605445,-0.566868,1
9674,-0.630593,-0.540499,1
9677,-0.658671,-0.512055,1
9682,-0.686138,-0.482146,1
9686,-0.712141,-0.45297,1
9690,-0.734481,-0.424037,1
9694,-0.750351,-0.399866,1
9698,-0.764024,-0.376915,1
9702,-0.773546,-0.353598,1
9706,-0.773424,-0.334188,1
9710,-0.762192,-0.320271,1
9714,-0.741073,-0.310261,1
9718,-0.715315,-0.30257,1
9722,-0.695416,-0.293902,1
9726,-0.679546,-0.287432,1
9730,-0.669047,-0.275957,1
9734,-0.673198,-0.263139,1
9738,-0.672587,-0.251663,1
9742,-0.65806,-0.245071,1
9746,-0.633645,-0.241043,1
9750,-0.596411,-0.236892,1
9754,-0.55051,-0.229201,1
9758,-0.496673,-0.215406,1
9762,-0.43771,-0.200757,1
9766,-0.380333,-0.182323,1
9770,-0.330526,-0.164378,1
9774,-0.282061,-0.145212,1
9778,-0.224196,-0.12458,1
9782,-0.160227,-0.106025,1
9786,-0.094061,-0.089666,1
9790,-0.030214,-0.076115,1
9794,0.028749,-0.064274,0.980345
9798,0.080022,-0.053897,0.672954
9802,0.121773,-0.045474,0.359458
9806,0.15278,-0.037051,0.052066
9810,0.171947,-0.029238,-0.23738
9814,0.184887,-0.024355,-0.498016
9818,0.20271,-0.025209,-0.723616
9822,0.230544,-0.029238,-0.91186
9826,0.264726,-0.038393,-1
9830,0.300372,-0.051334,-1
9834,0.330648,-0.065617,-1
9838,0.351035,-0.081731,-1
9842,0.361167,-0.098822,-1
9846,0.364829,-0.116035,-1
9850,0.365196,-0.130928,-1
9854,0.366905,-0.144113,-1
9858,0.373375,-0.158518,-1
9862,0.381066,-0.173656,-1
9866,0.386681,-0.18745,-1
9870,0.389245,-0.200513,-1
9874,0.387536,-0.210279,-1
9878,0.385338,-0.219679,-1
9882,0.382653,-0.2303,-1
9886,0.378136,-0.238967,-1
9890,0.371422,-0.244094,-1
9894,0.366905,-0.248001,-1
9898,0.370323,-0.252884,-1
9902,0.385583,-0.259232,-1
9906,0.403772,-0.261674,-1
9910,0.418422,-0.259232,-1
9914,0.429409,-0.2491,-1
9918,0.439907,-0.229079,-1
9922,0.454068,-0.200513,-1
9926,0.47177,-0.170482,-1
9930,0.496795,-0.13691,-1
9934,0.530977,-0.096991,-1
9938,0.565769,-0.055362,-1
9942,0.597265,-0.011414,-1
9946,0.621925,0.0329,-1
9950,0.636697,0.078069,-1
9954,0.647195,0.122383,-1
9958,0.660868,0.163767,-1
9962,0.669902,0.204541,-1
9966,0.668437,0.247146,-1
9970,0.654032,0.288897,-1
9974,0.629982,0.327596,-1
9978,0.599219,0.36019,-1
9982,0.565037,0.382531,-1
9986,0.525972,0.392663,-1
9990,0.47238,0.388879,-1
9994,0.413172,0.370689,-1
9998,0.3337,0.339803,-1
10002,0.240188,0.307941,-0.862052
10006,0.137521,0.270341,-0.630959
10010,0.033266,0.224562,-0.371055
10014,-0.071843,0.176341,-0.124702
10018,-0.191845,0.129097,0.106879
10022,-0.306842,0.079656,0.320881
10026,-0.400842,0.026064,0.515107
10030,-0.479094,-0.029116,0.68565
10034,-0.540499,-0.080388,0.832265
10038,-0.575047,-0.12983,0.961668
10042,-0.608741,-0.174266,1
10046,-0.640847,-0.212965,1
10050,-0.661356,-0.249588,1
10054,-0.678325,-0.284991,1
10058,-0.697613,-0.316242,1
10062,-0.722029,-0.342123,1
10066,-0.749741,-0.362998,1
10070,-0.781237,-0.380089,1
10074,-0.813709,-0.392785,1
10078,-0.838979,-0.401331,1
10082,-0.855948,-0.407068,1
10086,-0.862907,-0.41012,1
10090,-0.857657,-0.408533,1
10093,-0.841177,-0.401087,1
10098,-0.815052,-0.385216,1
10102,-0.781481,-0.359946,1
10106,-0.744247,-0.324544,1
10110,-0.706281,-0.279619,1
10114,-0.664897,-0.227126,1
10118,-0.622291,-0.168895,1
10122,-0.571873,-0.109321,1
10125,-0.506684,-0.047793,1
10130,-0.447476,0.017518,1
10134,-0.404627,0.081243,1
10138,-0.365074,0.138009,1
10142,-0.331746,0.18977,1
10146,-0.308307,0.236037,1
10150,-0.284624,0.272172,1
10154,-0.241897,0.298297,1
10158,-0.172313,0.310993,1
10162,-0.071232,0.316853,1
10166,0.072087,0.298175,1
10170,0.213087,0.248978,1
10174,0.279375,0.184643,1
10178,0.233474,0.118843,1
10182,0.132638,0.028627,1
10186,0.032167,-0.074651,0.660868
10190,-0.050845,-0.161814,0.207837
10194,-0.06171,-0.266557,-0.204908
10198,0.046451,-0.405481,-0.594946
10202,0.211256,-0.541476,-0.95007
10206,0.340658,-0.654398,-1
10210,0.402918,-0.737044,-1
10214,0.413783,-0.787585,-1
10218,0.402551,-0.810657,-1
10222,0.385949,-0.812855,-1
10226,0.37191,-0.804309,-1
10230,0.370445,-0.785387,-1
10234,0.387536,-0.770005,-1
10238,0.421229,-0.759385,-1
10242,0.470671,-0.75267,-1
10246,0.517305,-0.748886,-1
10250,0.552097,-0.745712,-1
10254,0.570652,-0.740341,-1
10258,0.573094,-0.731185,-1
10262,0.563084,-0.71446,-1
10266,0.548556,-0.690533,-1
10270,0.536837,-0.660502,-1
10274,0.530611,-0.625343,-1
10278,0.52353,-0.58579,-1
10282,0.504608,-0.535006,-1
10286,0.473723,-0.473479,-1
10290,0.440151,-0.406336,-1
10294,0.408411,-0.336019,-1
10298,0.379479,-0.266435,-1
10302,0.350791,-0.19978,-1
10306,0.319294,-0.137887,-1
10310,0.287676,-0.087957,-1
10314,0.255326,-0.043277,-1
10318,0.210523,0.00116,-1
10322,0.161936,0.033754,-1
10326,0.109687,0.055606,-1
10330,0.056095,0.070134,-1
10334,0.009827,0.06989,-1
10338,-0.040347,0.058903,-1
10342,-0.076482,0.039492,-0.921992
10346,-0.105048,0.007386,-0.653299
10350,-0.133126,-0.031191,-0.377526
10354,-0.170359,-0.073918,-0.096625
10358,-0.217848,-0.115669,0.182811
10362,-0.271806,-0.153147,0.452115
10366,-0.332967,-0.181835,0.699933
10370,-0.402429,-0.200635,0.917475
10374,-0.477629,-0.209424,1
10378,-0.556736,-0.210279,1
10382,-0.634743,-0.204541,1
10386,-0.6992,-0.196118,1
10390,-0.758408,-0.184765,1
10394,-0.815052,-0.169017,1
10398,-0.855582,-0.151193,1
10402,-0.878655,-0.132638,1
10406,-0.890862,-0.112983,1
10410,-0.897821,-0.091497,1
10414,-0.900262,-0.069523,1
10418,-0.896966,-0.04816,1
10422,-0.884392,-0.027651,1
10426,-0.858024,-0.008484,1
10430,-0.816639,0.008484,1
10434,-0.768907,0.023988,1
10438,-0.719343,0.041201,1
10442,-0.671489,0.058414,1
10446,-0.628151,0.07636,1
10450,-0.585424,0.096014,1
10454,-0.537325,0.115547,1
10458,-0.487273,0.133858,1
10462,-0.432094,0.148752,1
10466,-0.381066,0.157908,1
10470,-0.332601,0.164134,1
10474,-0.291705,0.167186,1
10478,-0.267289,0.172069,1
10482,-0.258133,0.174266,1
10486,-0.245682,0.167918,1
10490,-0.219435,0.154123,1
10494,-0.183056,0.133736,0.801868
10498,-0.144723,0.105658,0.545627
10502,-0.100531,0.071843,0.285845
10506,-0.037295,0.030458,0.021913
10510,0.042056,-0.01764,-0.242752
10514,0.122139,-0.067204,-0.50412
10518,0.191235,-0.114204,-0.758774
10522,0.252274,-0.160349,-0.998657
10526,0.310139,-0.204297,-1
10530,0.343466,-0.235915,-1
10534,0.384118,-0.262406,-1
10538,0.450406,-0.290972,-1
10542,0.516816,-0.315388,-1
10546,0.576878,-0.334554,-1
10550,0.632302,-0.350302,-1
10554,0.67332,-0.358115,-1
10558,0.703595,-0.3619,-1
10562,0.719587,-0.35372,-1
10566,0.728621,-0.334188,-1
10570,0.734969,-0.305133,-1
10574,0.740096,-0.267045,-1
10578,0.744491,-0.220778,-1
10582,0.745468,-0.170604,-1
10586,0.746322,-0.116889,-1
10590,0.74852,-0.060978,-1
10594,0.749619,-0.004944,-1
10598,0.744857,0.048282,-1
10602,0.730574,0.100775,-1
10606,0.71031,0.151315,-1
10610,0.684795,0.198804,-1
10614,0.651712,0.241897,-1
10618,0.619117,0.275346,-1
10622,0.57578,0.306598,-1
10626,0.521943,0.33724,-1
10630,0.462614,0.361167,-1
10634,0.402673,0.377525,-1
10638,0.347006,0.383629,-1
10642,0.288042,0.382164,-1
10646,0.223219,0.374718,-0.87487
10650,0.154367,0.360557,-0.676494
10654,0.08637,0.338949,-0.485198
10658,0.011414,0.308429,-0.303058
10662,-0.054508,0.276079,-0.132882
10666,-0.105048,0.236037,0.024232
10670,-0.161936,0.190624,0.165843
10674,-0.224318,0.138741,0.289752
10678,-0.28023,0.078801,0.395105
10682,-0.324666,0.012269,0.482879
10686,-0.363731,-0.056339,0.551975
10690,-0.401453,-0.124458,0.603491
10694,-0.431972,-0.182445,0.635476
10698,-0.461515,-0.237746,0.655985
10702,-0.493988,-0.297687,0.670268
10706,-0.52585,-0.353354,0.681499
10710,-0.552341,-0.405848,0.697369
10714,-0.572362,-0.454801,0.72386
10718,-0.588232,-0.500214,0.765367
10722,-0.607276,-0.540743,0.825673
10726,-0.632668,-0.575902,0.906
10730,-0.657206,-0.606788,1
10734,-0.684429,-0.628395,1
10738,-0.722395,-0.64219,1
10742,-0.769761,-0.644876,1
10746,-0.822255,-0.63572,1
10750,-0.872185,-0.616188,1
10753,-0.912592,-0.587133,1
10758,-0.944577,-0.548679,1
10762,-0.970335,-0.499603,1
10766,-0.988647,-0.441128,1
10770,-0.998291,-0.382042,1
10774,-1,-0.316609,1
10778,-1,-0.237502,1
10782,-1,-0.155954,1
10786,-0.999512,-0.076482,1
10790,-0.991699,-0.004212,1
10794,-0.988403,0.054874,1
10798,-1,0.097723,1
10802,-1,0.12336,1
10806,-1,0.130074,1
10810,-1,0.123115,1
10814,-1,0.102484,1
10818,-1,0.066471,1
10822,-1,0.024599,1
10826,-0.933101,-0.015565,1
10830,-0.825307,-0.041323,1
10834,-0.697247,-0.04877,1
10838,-0.560764,-0.03583,1
10842,-0.423549,-0.009217,1
10846,-0.295245,0.027162,0.794421
10850,-0.184276,0.057926,0.403406
10854,-0.0611,0.082341,0.030825
10858,0.067448,0.105902,-0.367149
10862,0.184276,0.115669,-0.728987
10865,0.287554,0.115791,-1
10870,0.368248,0.110908,-1
10874,0.426357,0.100775,-1
10878,0.469816,0.088567,-1
10882,0.504608,0.075139,-1
10886,0.53818,0.06049,-1
10890,0.571751,0.041934,-1
10894,0.601294,0.024232,-1
10898,0.622902,0.007386,-1
10902,0.637063,-0.005432,-1
10906,0.640969,-0.013856,-1
10910,0.636208,-0.019349,-1
10914,0.628639,-0.02057,-1
10918,0.623146,-0.019349,-1
10922,0.623146,-0.019227,-1
10926,0.624245,-0.018373,-1
10930,0.626808,-0.015443,-1
10934,0.634621,-0.013123,-1
10938,0.648172,-0.011414,-1
10942,0.671489,-0.011048,-1
10945,0.702741,-0.014588,-1
10950,0.732283,-0.021791,-1
10954,0.751816,-0.028261,-1
10958,0.76207,-0.032778,-1
10962,0.765733,-0.035464,-1
10966,0.763413,-0.034243,-1
10970,0.76085,-0.027651,-1
10974,0.766099,-0.018983,-1
10978,0.780016,-0.009095,-1
10982,0.797717,0.002869,-1
10986,0.812855,0.017518,-1
10990,0.825185,0.033999,-1
10994,0.830312,0.050357,-1
10998,0.831777,0.067326,-1
11002,0.830556,0.080876,-1
11006,0.826405,0.093573,-1
11010,0.819325,0.106757,-1
11014,0.809437,0.117744,-1
11018,0.797351,0.125801,-1
11022,0.784655,0.132638,-1
11025,0.769273,0.135812,-1
11030,0.749374,0.13923,-1
11034,0.726424,0.141427,-1
11038,0.700421,0.143014,-1
11042,0.669047,0.143869,-1
11046,0.630959,0.144235,-1
11050,0.589208,0.14277,-0.957029
11054,0.541842,0.138863,-0.848013
11058,0.485808,0.134225,-0.740463
11062,0.428432,0.130806,-0.637917
11066,0.373131,0.126778,-0.54172
11070,0.315998,0.122261,-0.448941
11074,0.268144,0.113227,-0.349448
11078,0.240432,0.100043,-0.25618
11082,0.219679,0.081487,-0.156565
11086,0.191845,0.05524,-0.040225
11090,0.153391,0.027529,0.071599
11094,0.102973,-0.000916,0.174266
11098,0.041812,-0.031313,0.26558
11101,-0.008362,-0.063175,0.348471
11105,-0.048404,-0.095282,0.424647
11109,-0.099676,-0.123726,0.494232
11114,-0.152902,-0.148996,0.55759
11118,-0.196362,-0.173411,0.617897
11122,-0.229201,-0.195874,0.67686
11125,-0.257035,-0.214674,0.735335
11129,-0.286455,-0.229201,0.795153
11133,-0.321492,-0.238357,0.857413
11137,-0.357749,-0.241897,0.923213
11141,-0.391686,-0.24031,0.991333
11146,-0.424892,-0.233962,1
11149,-0.459806,-0.222853,1
11153,-0.492645,-0.209547,1
11157,-0.525118,-0.193188,1
11161,-0.558567,-0.172069,1
11165,-0.586278,-0.150461,1
11169,-0.608863,-0.128609,1
11173,-0.628639,-0.106147,1
11177,-0.643533,-0.083196,1
11182,-0.649881,-0.060734,1
11185,-0.647195,-0.038638,1
11189,-0.63865,-0.015443,1
11193,-0.627297,0.009827,1
11198,-0.615455,0.036929,1
11202,-0.602881,0.066715,1
11206,-0.587499,0.099799,1
11210,-0.564427,0.133492,1
11214,-0.540133,0.169505,1
11218,-0.518892,0.207471,1
11222,-0.492523,0.243728,1
11226,-0.459928,0.277544,1
11230,-0.430629,0.310383,1
11234,-0.409022,0.339071,1
11238,-0.394861,0.368248,1
11242,-0.386803,0.401331,1
11246,-0.382286,0.430385,1
11250,-0.382775,0.455167,1
11254,-0.367759,0.470671,1
11258,-0.333089,0.474944,1
11262,-0.285235,0.472258,1
11266,-0.229079,0.46359,1
11270,-0.164988,0.444302,1
11274,-0.097357,0.417079,1
11278,-0.030092,0.382164,1
11282,0.019349,0.341879,1
11286,0.040591,0.30611,0.960203
11290,0.02997,0.268876,0.703717
11294,0.005555,0.224684,0.442837
11298,-0.003845,0.176463,0.186718
11302,0.015199,0.118477,-0.056949
11306,0.059269,0.054874,-0.282061
11310,0.108832,-0.002014,-0.45944
11314,0.161814,-0.056583,-0.616065
11318,0.221876,-0.11518,-0.771592
11322,0.280352,-0.169993,-0.906977
11326,0.329793,-0.219435,-1
11330,0.363487,-0.259354,-1
11334,0.380211,-0.288775,-1
11338,0.388512,-0.311848,-1
11342,0.397424,-0.325642,-1
11346,0.417323,-0.336507,-1
11350,0.447598,-0.345175,-1
11354,0.482024,-0.351645,-1
11358,0.518159,-0.355918,-1
11362,0.553806,-0.359946,-1
11366,0.589941,-0.364097,-1
11370,0.62986,-0.370689,-1
11374,0.670756,-0.379723,-1
11378,0.7086,-0.389001,-1
11382,0.740585,-0.397058,-1
11386,0.764146,-0.402307,-1
11390,0.784533,-0.406702,-1
11394,0.80846,-0.411829,-1
11398,0.833852,-0.416957,-1
11402,0.857535,-0.421596,-1
11406,0.877922,-0.423671,-1
11410,0.892572,-0.422328,-1
11414,0.899774,-0.416102,-1
11418,0.901239,-0.404016,-1
11422,0.899286,-0.385094,-1
11426,0.891351,-0.360557,-1
11430,0.878166,-0.330648,-1
11434,0.861076,-0.294635,-1
11438,0.843618,-0.253128,-1
11442,0.824452,-0.207959,-1
11446,0.797717,-0.159617,-1
11450,0.763291,-0.108222,-1
11454,0.726546,-0.055118,-1
11458,0.687481,-0.003113,-1
11462,0.650613,0.040103,-1
11466,0.607398,0.080999,-1
11470,0.551242,0.124336,-1
11474,0.484588,0.161692,-1
11478,0.405359,0.19392,-1
11482,0.341513,0.217481,-1
11486,0.29024,0.229323,-1
11490,0.232985,0.229567,-0.838125
11493,0.165354,0.221388,-0.656107
11498,0.106513,0.202832,-0.47177
11502,0.050967,0.175853,-0.2867
11506,-0.006897,0.144723,-0.107734
11510,-0.065129,0.111884,0.0611
11514,-0.120674,0.077092,0.217481
11518,-0.172191,0.042544,0.358237
11522,-0.212354,0.008606,0.482268
11526,-0.243362,-0.024477,0.588354
11530,-0.275835,-0.05463,0.674785
11534,-0.305011,-0.081731,0.741317
11538,-0.326863,-0.107367,0.790393
11542,-0.34017,-0.128121,0.820302
11546,-0.349692,-0.146432,0.838369
11550,-0.357993,-0.16511,0.84667
11554,-0.364951,-0.180492,0.842153
11558,-0.370689,-0.192089,0.826405
11562,-0.374351,-0.200146,0.800769
11566,-0.376061,-0.204175,0.767076
11570,-0.376549,-0.204419,0.726546
11574,-0.377037,-0.200635,0.680889
11578,-0.377648,-0.1927,0.631569
11582,-0.377281,-0.181469,0.580297
11586,-0.374351,-0.167552,0.528536
11590,-0.367515,-0.151437,0.477385
11594,-0.357627,-0.133492,0.42892
11598,-0.344076,-0.114082,0.383385
11602,-0.32845,-0.094183,0.341146
11606,-0.311481,-0.073918,0.30257
11610,-0.29317,-0.054386,0.268022
11614,-0.27498,-0.03583,0.237258
11618,-0.260453,-0.020936,0.212965
11622,-0.247268,-0.007264,0.191723
11626,-0.232375,0.005677,0.170848
11630,-0.21797,0.016297,0.153269
11634,-0.205396,0.024354,0.138741
11638,-0.195141,0.030092,0.126778
11642,-0.187817,0.033754,0.116767
11646,-0.182689,0.035097,0.109076
11650,-0.180126,0.034731,0.103949
11654,-0.177196,0.032534,0.101508
11658,-0.173411,0.028383,0.102362
11662,-0.169383,0.022645,0.106025
11666,-0.166209,0.015809,0.11225
11670,-0.163279,0.008606,0.120796
11674,-0.160837,0.000916,0.131783
11678,-0.156809,-0.006043,0.144723
11682,-0.157419,-0.014222,0.158396
11686,-0.158396,-0.020326,0.172557
11690,-0.152658,-0.026064,0.188061
11694,-0.144723,-0.030703,0.202466
11698,-0.138619,-0.034487,0.217115
11702,-0.134713,-0.036684,0.232375
11706,-0.133126,-0.037173,0.24678
11710,-0.132027,-0.036684,0.259598
11714,-0.130562,-0.035708,0.271074
11718,-0.128487,-0.034365,0.281328
11722,-0.126411,-0.032656,0.290118
11726,-0.124825,-0.030214,0.298175
11730,-0.12397,-0.027406,0.305744
11734,-0.122871,-0.024843,0.312824
11738,-0.121162,-0.022279,0.319661
11742,-0.119209,-0.019593,0.326009
11746,-0.117866,-0.017396,0.331624
11750,-0.117134,-0.014832,0.336141
11754,-0.116767,-0.012513,0.339315
11758,-0.116523,-0.010438,0.341268
11761,-0.115913,-0.008851,0.341879
11766,-0.115058,-0.007386,0.341146
11770,-0.11396,-0.006165,0.339071
11774,-0.112739,-0.004944,0.335653
11778,-0.11103,-0.003845,0.330281
11782,-0.109199,-0.002869,0.323323
11786,-0.107856,-0.001892,0.315754
11790,-0.106269,-0.00116,0.306842
11794,-0.10456,-0.000427,0.297687
11798,-0.103339,0.000183,0.288409
11802,-0.101752,0.000305,0.279375
11806,-0.100653,0.000305,0.270219
11810,-0.099676,0.000061,0.261552
11814,-0.098578,0.000061,0.253006
11818,-0.100409,-0.000427,0.244461
11822,-0.103095,-0.000794,0.236037
11826,-0.102728,-0.00238,0.228102
11830,-0.101508,-0.003968,0.221144
11834,-0.100287,-0.00531,0.214674
11838,-0.099799,-0.006653,0.208326
11842,-0.100165,-0.007874,0.202344
11846,-0.100653,-0.009217,0.19624
11850,-0.100165,-0.010193,0.191357
11854,-0.099188,-0.011048,0.186352
11858,-0.097723,-0.012025,0.180614
11862,-0.095892,-0.013001,0.175365
11866,-0.094061,-0.013612,0.170482
11870,-0.091864,-0.014344,0.166453
11874,-0.089056,-0.015321,0.162669
11878,-0.085271,-0.015809,0.158762
11882,-0.08283,-0.016053,0.154856
11886,-0.080022,-0.015931,0.150827
11890,-0.077336,-0.015687,0.146798
11894,-0.075261,-0.015443,0.142404
11898,-0.073796,-0.01471,0.138375
11902,-0.072941,-0.013734,0.134713
11906,-0.072087,-0.012635,0.131295
11910,-0.071354,-0.011536,0.128853
11914,-0.069767,-0.010438,0.127022
11918,-0.067936,-0.009705,0.125435
11922,-0.066227,-0.008973,0.124458
11926,-0.064762,-0.008606,0.123848
11930,-0.064396,-0.008118,0.122993
11934,-0.063908,-0.007264,0.121895
11938,-0.063419,-0.006165,0.120918
11942,-0.063297,-0.005066,0.120186
11946,-0.063053,-0.003968,0.119331
11950,-0.062443,-0.003113,0.119087
11953,-0.061222,-0.001892,0.118843
11958,-0.060001,-0.000916,0.118721
11962,-0.05878,-0.000305,0.118477
11966,-0.058292,0.000427,0.118477
11970,-0.058048,0.001038,0.118477
11974,-0.058414,0.001526,0.118843
11978,-0.05878,0.00177,0.119575
11982,-0.059025,0.00177,0.121406
11986,-0.059391,0.001038,0.123726
11990,-0.059147,0.000305,0.126778
11994,-0.058658,-0.000916,0.13044
11998,-0.058414,-0.00238,0.134713
12002,-0.058536,-0.003968,0.138741
12006,-0.05878,-0.005677,0.143258
12010,-0.059269,-0.00763,0.148141
12013,-0.060001,-0.009339,0.153147
12018,-0.060612,-0.01117,0.157541
12022,-0.061222,-0.012513,0.161814
12026,-0.062565,-0.013856,0.165476
12030,-0.064274,-0.014588,0.168772
12034,-0.066471,-0.015199,0.17158
12038,-0.068669,-0.015443,0.174144
12042,-0.070622,-0.015443,0.175853
12046,-0.072453,-0.015321,0.177196
12050,-0.074406,-0.015077,0.178172
12054,-0.076482,-0.014832,0.179027
12058,-0.078435,-0.014955,0.179882
12062,-0.0799,-0.014955,0.180492
12066,-0.081487,-0.015565,0.180858
12070,-0.083196,-0.016542,0.181713
12074,-0.085515,-0.01764,0.182201
12077,-0.087957,-0.019349,0.182934
12082,-0.090154,-0.021303,0.183544
12086,-0.092474,-0.023866,0.185131
12090,-0.094061,-0.026674,0.186596
12094,-0.095648,-0.030336,0.188671
12098,-0.096869,-0.034243,0.190136
12102,-0.098212,-0.037905,0.191601
12106,-0.100165,-0.041323,0.193188
12110,-0.10224,-0.044742,0.194287
12114,-0.10456,-0.048404,0.195752
12118,-0.107245,-0.051578,0.196606
12122,-0.109443,-0.05463,0.197461
