You entered a buffer length of 10,,,,,,,,,,,,,,,,,,
RAW,-0.159302,1,0.498901, AVG ,-0.099744,1.1,0.642383,,,,X Axis,,,,,,,AVG X Axis
RAW,-0.124268,1,0.506836, AVG ,-0.113953,1.1,0.62832,,,,,,,,,,,
RAW,-0.082275,1,0.512817, AVG ,-0.120618,1.1,0.615344,,,,,,,,,,,
RAW,-0.052856,1,0.501709, AVG ,-0.121619,1.1,0.601977,,,,,,,,,,,
RAW,-0.044922,1,0.473877, AVG ,-0.120947,1.1,0.586279,,,,,,,,,,,
RAW,-0.037354,1,0.452515, AVG ,-0.116443,1.1,0.570911,,,,,,,,,,,
RAW,-0.042969,1,0.404541, AVG ,-0.108606,1.1,0.553479,,,,,,,,,,,
RAW,-0.081665,1,0.366943, AVG ,-0.101856,1.1,0.533728,,,,,,,,,,,
RAW,-0.112061,1,0.338623, AVG ,-0.098181,1.1,0.512073,,,,,,,,,,,
RAW,-0.138916,1,0.306885, AVG ,-0.098206,1.1,0.488037,,,,,,,,,,,
RAW,-0.154663,1,0.283569, AVG ,-0.103125,1.1,0.464722,,,,,,,,,,,
RAW,-0.175049,1,0.265259, AVG ,-0.1047,1.1,0.441357,,,,,,,,,,,
RAW,-0.178101,1,0.251099, AVG ,-0.110083,1.1,0.415784,,,,,,,,,,,
RAW,-0.18335,1,0.241943, AVG ,-0.120191,1.1,0.388696,,,,,,,,,,,
RAW,-0.185669,1,0.23938, AVG ,-0.133472,1.1,0.362463,,,,,,,,,,,
RAW,-0.19873,1,0.23999, AVG ,-0.148853,1.1,0.339075,,,,,,,,,,,
RAW,-0.220215,1,0.231812, AVG ,-0.167139,1.1,0.317004,,,,Y Axis ,,,,,,,AVG Y Axis
RAW,-0.25415,1,0.221802, AVG ,-0.188257,1.1,0.298731,,,,,,,,,,,
RAW,-0.286133,1,0.210083, AVG ,-0.208704,1.1,0.283044,,,,,,,,,,,
RAW,-0.309937,1,0.199829, AVG ,-0.228491,1.1,0.269165,,,,,,,,,,,
RAW,-0.318481,1,0.196167, AVG ,-0.246448,1.1,0.258093,,,,,,,,,,,
RAW,-0.313232,1,0.202515, AVG ,-0.262305,1.1,0.249988,,,,,,,,,,,
RAW,-0.310059,1,0.210938, AVG ,-0.275806,1.1,0.244556,,,,,,,,,,,
RAW,-0.312256,1,0.222168, AVG ,-0.289221,1.1,0.241663,,,,,,,,,,,
RAW,-0.321533,1,0.228638, AVG ,-0.30304,1.1,0.240332,,,,,,,,,,,
RAW,-0.334473,0.999878,0.23584, AVG ,-0.31792,1.099988,0.239978,,,,,,,,,,,
RAW,-0.347534,0.990723,0.24646, AVG ,-0.3328,1.09906,0.240625,,,,,,,,,,,
RAW,-0.359009,0.984375,0.260742, AVG ,-0.34668,1.097498,0.243518,,,,,,,,,,,
RAW,-0.371094,0.978882,0.279785, AVG ,-0.358374,1.095386,0.249316,,,,,,,,,,,
RAW,-0.378906,0.966553,0.298584, AVG ,-0.367651,1.092041,0.258167,,,,,,,,,,,
RAW,-0.386719,0.950073,0.323364, AVG ,-0.37533,1.087048,0.27052,,,,,,,,,,,
RAW,-0.38501,0.923218,0.34314, AVG ,-0.381983,1.07937,0.285217,,,,,,,,,,,
RAW,-0.37915,0.889282,0.358521, AVG ,-0.388574,1.068298,0.300818,,,,Z Axis,,,,,,,AVG Z Axis 
RAW,-0.369751,0.858521,0.366211, AVG ,-0.394543,1.05415,0.316345,,,,,,,,,,,
RAW,-0.373291,0.826782,0.371704, AVG ,-0.400647,1.036829,0.331299,,,,,,,,,,,
RAW,-0.376221,0.800293,0.375977, AVG ,-0.406116,1.016858,0.346033,,,,,,,,,,,
RAW,-0.379517,0.781372,0.372803, AVG ,-0.41062,0.995007,0.359729,,,,,,,,,,,
RAW,-0.381714,0.775269,0.369263, AVG ,-0.414038,0.973462,0.372009,,,,,,,,,,,
RAW,-0.386719,0.77417,0.360229, AVG ,-0.416809,0.952441,0.381958,,,,,,,,,,,
RAW,-0.391479,0.775757,0.345703, AVG ,-0.418848,0.932129,0.38855,,,,,,,,,,,
RAW,-0.398926,0.779297,0.32251, AVG ,-0.42085,0.913403,0.390943,,,,,,,,,,,
RAW,-0.398438,0.77832,0.299194, AVG ,-0.422022,0.896228,0.388525,,,,,,,,,,,
RAW,-0.386475,0.775635,0.273071, AVG ,-0.422168,0.88147,0.381519,,,,,,,,,,,
RAW,-0.370728,0.781006,0.247559, AVG ,-0.421326,0.870642,0.370422,,,,,,,,,,,
RAW,-0.357788,0.770142,0.223755, AVG ,-0.42013,0.861804,0.356177,,,,,,,,,,,
RAW,-0.348267,0.75769,0.189941, AVG ,-0.417627,0.854895,0.338,,,,,,,,,,,
RAW,-0.349365,0.744873,0.157471, AVG ,-0.414942,0.849353,0.31615,,,,,,,,,,,
RAW,-0.358887,0.731567,0.124512, AVG ,-0.412879,0.844373,0.291321,,,,,,,,,,,
RAW,-0.364868,0.720703,0.09436, AVG ,-0.411194,0.838916,0.263831,,,,,,,,,,,
RAW,-0.367676,0.702637,0.071777, AVG ,-0.40929,0.831763,0.234985,,,,,,,,,,,
RAW,-0.369995,0.682983,0.048584, AVG ,-0.407141,0.822485,0.205273,,,,,,,,,,,
RAW,-0.368652,0.664429,0.027832, AVG ,-0.404114,0.810998,0.175806,,,,,,,,,,,
RAW,-0.372925,0.646973,0.006104, AVG ,-0.401563,0.797864,0.146497,,,,,,,,,,,
RAW,-0.380371,0.631226,-0.01123, AVG ,-0.400952,0.783423,0.118067,,,,,,,,,,,
RAW,-0.391357,0.614624,-0.021973, AVG ,-0.403015,0.766785,0.091113,,,,,,,,,,,
RAW,-0.398315,0.592773,-0.035156, AVG ,-0.407068,0.749048,0.065222,,,,,,,,,,,
RAW,-0.404907,0.571411,-0.042603, AVG ,-0.412732,0.73042,0.041968,,,,,,,,,,,
RAW,-0.415283,0.550659,-0.048096, AVG ,-0.419324,0.710998,0.021411,,,,,,,,,,,
RAW,-0.427612,0.531006,-0.050659, AVG ,-0.426196,0.690942,0.003894,,,,,,,,,,,
RAW,-0.458862,0.519775,-0.053955, AVG ,-0.435595,0.67085,-0.010937,,,,,,,,,,,
RAW,-0.501953,0.518433,-0.05603, AVG ,-0.449023,0.652429,-0.023718,,,,,,,,,,,
RAW,-0.54187,0.527954,-0.043945, AVG ,-0.466211,0.636926,-0.032971,,,,,,,,,,,
RAW,-0.566162,0.546143,-0.024658, AVG ,-0.485962,0.625098,-0.03822,,,,,,,,,,,
RAW,-0.578003,0.565796,0.000122, AVG ,-0.506469,0.61698,-0.038818,,,,,,,,,,,
RAW,-0.579224,0.586914,0.024536, AVG ,-0.526355,0.612549,-0.035242,,,,,,,,,,,
RAW,-0.566895,0.60437,0.055054, AVG ,-0.543909,0.611523,-0.027539,,,,,,,,,,,
RAW,-0.543091,0.619141,0.078857, AVG ,-0.558386,0.61416,-0.016138,,,,,,,,,,,
RAW,-0.506226,0.626587,0.10022, AVG ,-0.568518,0.619678,-0.001855,,,,,,,,,,,
RAW,-0.473145,0.634644,0.111694, AVG ,-0.574304,0.628076,0.014124,,,,,,,,,,,
RAW,-0.435181,0.643677,0.11853, AVG ,-0.575061,0.639343,0.031042,,,,,,,,,,,
RAW,-0.393311,0.658813,0.119141, AVG ,-0.568506,0.653247,0.048352,,,,,,,,,,,
RAW,-0.364136,0.675659,0.108643, AVG ,-0.554724,0.66897,0.064819,,,,,,,,,,,
RAW,-0.346802,0.688354,0.09436, AVG ,-0.535218,0.68501,0.07865,,,,,,,,,,,
RAW,-0.340332,0.701538,0.071411, AVG ,-0.512635,0.700549,0.088257,,,,,,,,,,,
RAW,-0.344727,0.716187,0.046387, AVG ,-0.489307,0.715588,0.092883,,,,,,,,,,,
RAW,-0.345459,0.731445,0.022217, AVG ,-0.465931,0.730042,0.092651,,,,,,,,,,,
RAW,-0.344238,0.747559,0.002197, AVG ,-0.443665,0.74436,0.087366,,,,,,,,,,,
RAW,-0.336792,0.764771,-0.007812, AVG ,-0.423035,0.758923,0.078699,,,,,,,,,,,
RAW,-0.324585,0.785034,-0.005859, AVG ,-0.404871,0.774768,0.068091,,,,,,,,,,,
RAW,-0.302368,0.802612,-0.000366, AVG ,-0.387793,0.791565,0.056885,,,,,,,,,,,
RAW,-0.275635,0.820679,0.012939, AVG ,-0.371838,0.809265,0.046326,,,,,,,,,,,
RAW,-0.246582,0.837036,0.026367, AVG ,-0.357166,0.827087,0.037048,,,,,,,,,,,
RAW,-0.227051,0.859253,0.04126, AVG ,-0.343457,0.845447,0.03031,,,,,,,,,,,
RAW,-0.218262,0.886963,0.052734, AVG ,-0.330603,0.865308,0.026148,,,,,,,,,,,
RAW,-0.201416,0.920898,0.063843, AVG ,-0.316711,0.887244,0.025391,,,,,,,,,,,
RAW,-0.178345,0.968872,0.074829, AVG ,-0.300073,0.912512,0.028235,,,,,,,,,,,
RAW,-0.152466,1,0.087891, AVG ,-0.280774,0.939368,0.034802,,,,,,,,,,,
RAW,-0.128052,1,0.099365, AVG ,-0.259155,0.964612,0.044519,,,,,,,,,,,
RAW,-0.106689,1,0.106323, AVG ,-0.236145,0.988135,0.055933,,,,,,,,,,,
RAW,-0.08313,1,0.11853, AVG ,-0.212,1.009631,0.068372,,,,,,,,,,,
RAW,-0.059082,1,0.124512, AVG ,-0.187671,1.02937,0.080859,,,,,,,,,,,
RAW,-0.039673,1,0.129761, AVG ,-0.164075,1.047302,0.092541,,,,,,,,,,,
RAW,-0.02063,1,0.126831, AVG ,-0.14148,1.063599,0.102588,,,,,,,,,,,
RAW,-0.000122,1,0.120483, AVG ,-0.118787,1.077673,0.11051,,,,,,,,,,,
RAW,0.009888,1,0.11145, AVG ,-0.095972,1.088977,0.116382,,,,,,,,,,,
RAW,0.01001,1,0.099487, AVG ,-0.074829,1.096887,0.119946,,,,,,,,,,,
RAW,0.007324,1,0.084351, AVG ,-0.056262,1.1,0.120898,,,,,,,,,,,
RAW,0.014648,1,0.080566, AVG ,-0.039551,1.1,0.120166,,,,,,,,,,,
RAW,0.023926,1,0.077148, AVG ,-0.024353,1.1,0.117944,,,,,,,,,,,
RAW,0.029053,1,0.06897, AVG ,-0.010779,1.1,0.114209,,,,,,,,,,,
RAW,0.026855,1,0.062012, AVG ,0.00022,1.1,0.108557,,,,,,,,,,,
RAW,0.019897,1,0.061035, AVG ,0.008118,1.1,0.102209,,,,,,,,,,,
RAW,0.016235,1,0.062256, AVG ,0.013708,1.1,0.095459,,,,,,,,,,,
RAW,0.005249,1,0.066284, AVG ,0.016296,1.1,0.089404,,,,,,,,,,,
RAW,-0.009033,1,0.073364, AVG ,0.015405,1.1,0.084692,,,,,,,,,,,
RAW,-0.026245,1,0.08313, AVG ,0.011792,1.1,0.08186,,,,,,,,,,,
RAW,-0.03125,1,0.09375, AVG ,0.007666,1.1,0.081287,,,,,,,,,,,
RAW,-0.026978,1,0.10791, AVG ,0.004236,1.1,0.083642,,,,,,,,,,,
RAW,-0.016113,1,0.124756, AVG ,0.00116,1.1,0.088062,,,,,,,,,,,
RAW,-0.00293,0.99646,0.141968, AVG ,-0.001526,1.099646,0.094543,,,,,,,,,,,
RAW,0.008667,0.991455,0.150024, AVG ,-0.003565,1.098792,0.102649,,,,,,,,,,,
RAW,0.021973,0.981689,0.154053, AVG ,-0.004053,1.09696,0.111853,,,,,,,,,,,
RAW,0.031006,0.972168,0.153809, AVG ,-0.002942,1.094177,0.12113,,,,,,,,,,,
RAW,0.031616,0.960327,0.148193, AVG ,-0.001404,1.09021,0.129724,,,,,,,,,,,
RAW,0.029175,0.94458,0.143188, AVG ,0.000989,1.084668,0.137415,,,,,,,,,,,
RAW,0.022095,0.924927,0.135742, AVG ,0.004102,1.077161,0.143652,,,,,,,,,,,
RAW,0.021729,0.904419,0.134644, AVG ,0.008899,1.067603,0.148804,,,,,,,,,,,
RAW,0.023071,0.881958,0.136475, AVG ,0.014331,1.055798,0.153076,,,,,,,,,,,
RAW,0.022827,0.857788,0.140747, AVG ,0.019312,1.041577,0.15636,,,,,,,,,,,
RAW,0.021973,0.837769,0.141724, AVG ,0.02312,1.025354,0.158057,,,,,,,,,,,
RAW,0.021606,0.821777,0.145264, AVG ,0.025574,1.007886,0.158386,,,,,,,,,,,
RAW,0.021118,0.808594,0.149414, AVG ,0.026819,0.9896,0.158325,,,,,,,,,,,
RAW,0.021606,0.796265,0.151733, AVG ,0.026782,0.971057,0.158093,,,,,,,,,,,
RAW,0.022095,0.783936,0.151855, AVG ,0.025891,0.952234,0.157898,,,,,,,,,,,
RAW,0.014404,0.773926,0.152832, AVG ,0.02417,0.933594,0.158362,,,,,,,,,,,
RAW,0.01123,0.7677,0.154053, AVG ,0.022375,0.915906,0.159448,,,,,,,,,,,
RAW,0.008789,0.769043,0.154785, AVG ,0.021045,0.900318,0.161353,,,,,,,,,,,
RAW,0.005005,0.769409,0.158203, AVG ,0.019372,0.886816,0.163709,,,,,,,,,,,
RAW,0.006226,0.76355,0.160278, AVG ,0.017688,0.874976,0.166089,,,,,,,,,,,
RAW,0.008301,0.756592,0.162231, AVG ,0.016235,0.864856,0.168237,,,,,,,,,,,
RAW,0.004639,0.748291,0.162231, AVG ,0.014502,0.855908,0.170288,,,,,,,,,,,
RAW,-0.006592,0.739502,0.159058, AVG ,0.011682,0.847681,0.171667,,,,,,,,,,,
RAW,-0.020874,0.730713,0.162842, AVG ,0.007483,0.839893,0.17301,,,,,,,,,,,
RAW,-0.03186,0.723633,0.162354, AVG ,0.002136,0.83263,0.174072,,,,,,,,,,,
RAW,-0.042603,0.717529,0.165771, AVG ,-0.004333,0.825989,0.175464,,,,,,,,,,,
RAW,-0.043945,0.708374,0.171509, AVG ,-0.010168,0.819434,0.177331,,,,,,,,,,,
RAW,-0.036743,0.706055,0.177368, AVG ,-0.014966,0.813269,0.179663,,,,,,,,,,,
RAW,-0.036377,0.7052,0.177979, AVG ,-0.019482,0.806885,0.181982,,,,,,,,,,,
RAW,-0.039673,0.709106,0.179688, AVG ,-0.02395,0.800855,0.184131,,,,,,,,,,,
RAW,-0.047363,0.717163,0.179077, AVG ,-0.029309,0.796216,0.186011,,,,,,,,,,,
RAW,-0.055908,0.727905,0.176392, AVG ,-0.03573,0.793347,0.187427,,,,,,,,,,,
RAW,-0.062866,0.739624,0.171753, AVG ,-0.04248,0.79248,0.188379,,,,,,,,,,,
RAW,-0.068359,0.750244,0.168579, AVG ,-0.048657,0.793555,0.189331,,,,,,,,,,,
RAW,-0.064453,0.760498,0.16333, AVG ,-0.053015,0.796533,0.18938,,,,,,,,,,,
RAW,-0.066895,0.776611,0.161743, AVG ,-0.056518,0.801831,0.189319,,,,,,,,,,,
RAW,-0.067383,0.793701,0.163086, AVG ,-0.058996,0.809448,0.18905,,,,,,,,,,,
RAW,-0.072144,0.814453,0.16333, AVG ,-0.061816,0.820056,0.188232,,,,,,,,,,,
RAW,-0.081909,0.83374,0.167358, AVG ,-0.066333,0.832825,0.187231,,,,,,,,,,,
RAW,-0.095581,0.855713,0.174561, AVG ,-0.072253,0.847876,0.18689,,,,,,,,,,,
RAW,-0.107178,0.872925,0.181396, AVG ,-0.079004,0.864258,0.187061,,,,,,,,,,,
RAW,-0.108398,0.88855,0.19458, AVG ,-0.085107,0.881396,0.188611,,,,,,,,,,,
RAW,-0.109131,0.902954,0.208252, AVG ,-0.09043,0.898901,0.191797,,,,,,,,,,,
RAW,-0.105957,0.912231,0.222534, AVG ,-0.094739,0.916162,0.196875,,,,,,,,,,,
RAW,-0.103027,0.918457,0.230591, AVG ,-0.098206,0.932983,0.203076,,,,,,,,,,,
RAW,-0.10144,0.925781,0.236694, AVG ,-0.101904,0.949512,0.210412,,,,,,,,,,,
RAW,-0.10022,0.927246,0.246216, AVG ,-0.105237,0.964575,0.21886,,,,,,,,,,,
RAW,-0.104248,0.925293,0.245239, AVG ,-0.108923,0.977734,0.227075,,,,,,,,,,,
RAW,-0.112915,0.919312,0.246582, AVG ,-0.113,0.98822,0.2354,,,,,,,,,,,
RAW,-0.127197,0.914673,0.251709, AVG ,-0.117529,0.996314,0.243835,,,,,,,,,,,
RAW,-0.144043,0.910645,0.256348, AVG ,-0.122375,1.001807,0.252014,,,,,,,,,,,
RAW,-0.160156,0.905884,0.25769, AVG ,-0.127673,1.005103,0.259644,,,,,,,,,,,
RAW,-0.182129,0.901489,0.267822, AVG ,-0.135046,1.006396,0.266968,,,,,,,,,,,
RAW,-0.195801,0.901855,0.277954, AVG ,-0.143713,1.006287,0.273938,,,,,,,,,,,
RAW,-0.202026,0.906616,0.291504, AVG ,-0.15332,1.005725,0.280835,,,,,,,,,,,
RAW,-0.204468,0.911865,0.304688, AVG ,-0.163464,1.005066,0.288245,,,,,,,,,,,
RAW,-0.20813,0.920898,0.315552, AVG ,-0.174133,1.004578,0.29613,,,,,,,,,,,
RAW,-0.21582,0.928833,0.322754, AVG ,-0.185693,1.004736,0.303784,,,,,,,,,,,
RAW,-0.22522,0.935303,0.329834, AVG ,-0.197791,1.005737,0.312244,,,,,,,,,,,
RAW,-0.231323,0.938232,0.334961, AVG ,-0.209631,1.007629,0.321082,,,,,,,,,,,
RAW,-0.236206,0.937378,0.339478, AVG ,-0.220532,1.0099,0.329858,,,,,,,,,,,
RAW,-0.23999,0.934692,0.338745, AVG ,-0.230127,1.012305,0.338098,,,,,,,,,,,
RAW,-0.244507,0.928101,0.335571, AVG ,-0.238562,1.014526,0.345886,,,,,,,,,,,
RAW,-0.250977,0.924805,0.330566, AVG ,-0.245447,1.016858,0.352161,,,,,,,,,,,
RAW,-0.254028,0.919434,0.320679, AVG ,-0.251269,1.018616,0.356433,,,,,,,,,,,
RAW,-0.255737,0.911743,0.314331, AVG ,-0.256641,1.019128,0.358716,,,,,,,,,,,
RAW,-0.260986,0.905884,0.303101, AVG ,-0.262292,1.01853,0.358557,,,,,,,,,,,
RAW,-0.265869,0.898315,0.294434, AVG ,-0.268066,1.016272,0.356445,,,,,,,,,,,
RAW,-0.268677,0.889893,0.286133, AVG ,-0.273352,1.012378,0.352783,,,,,,,,,,,
RAW,-0.276978,0.880737,0.278564, AVG ,-0.278528,1.006921,0.347656,,,,,,,,,,,
RAW,-0.289062,0.87146,0.272949, AVG ,-0.284302,1.000244,0.341455,,,,,,,,,,,
RAW,-0.29834,0.864624,0.272461, AVG ,-0.290515,0.992969,0.334753,,,,,,,,,,,
RAW,-0.305664,0.860107,0.270996, AVG ,-0.297083,0.98551,0.327978,,,,,,,,,,,
RAW,-0.310669,0.859741,0.273926, AVG ,-0.303699,0.978674,0.321814,,,,,,,,,,,
RAW,-0.310181,0.865601,0.285034, AVG ,-0.309619,0.972754,0.317261,,,,,,,,,,,
RAW,-0.306519,0.872559,0.295532, AVG ,-0.314868,0.968066,0.314746,,,,,,,,,,,
RAW,-0.300293,0.87793,0.304321, AVG ,-0.319324,0.964685,0.313745,,,,,,,,,,,
RAW,-0.292114,0.880615,0.309326, AVG ,-0.322437,0.962158,0.314368,,,,,,,,,,,
RAW,-0.289062,0.878174,0.314941, AVG ,-0.324756,0.960144,0.316418,,,,,,,,,,,
RAW,-0.291382,0.878296,0.311401, AVG ,-0.327026,0.958984,0.318945,,,,,,,,,,,
RAW,-0.297119,0.876587,0.307251, AVG ,-0.329041,0.958569,0.321814,,,,,,,,,,,
RAW,-0.299927,0.875977,0.303955, AVG ,-0.330127,0.959021,0.324914,,,,,,,,,,,
RAW,-0.305298,0.875854,0.29895, AVG ,-0.330823,0.960144,0.327563,,,,,,,,,,,
RAW,-0.312378,0.88269,0.297974, AVG ,-0.331494,0.962402,0.330261,,,,,,,,,,,
RAW,-0.316284,0.890381,0.299805, AVG ,-0.332056,0.965466,0.332849,,,,,,,,,,,
RAW,-0.317993,0.898682,0.301147, AVG ,-0.332837,0.968774,0.33446,,,,,,,,,,,
RAW,-0.309814,0.90625,0.305054, AVG ,-0.333166,0.972144,0.335413,,,,,,,,,,,
RAW,-0.300049,0.920166,0.307007, AVG ,-0.333142,0.976367,0.335681,,,,,,,,,,,
RAW,-0.294189,0.932007,0.309204, AVG ,-0.333349,0.981506,0.335669,,,,,,,,,,,
RAW,-0.284912,0.944214,0.305908, AVG ,-0.332934,0.98811,0.334766,,,,,,,,,,,
RAW,-0.282593,0.9552,0.303467, AVG ,-0.332056,0.995801,0.333972,,,,,,,,,,,
RAW,-0.279907,0.96167,0.294556, AVG ,-0.330334,1.004309,0.332703,,,,,,,,,,,
RAW,-0.275391,0.967163,0.288208, AVG ,-0.327881,1.013428,0.331128,,,,,,,,,,,
RAW,-0.280884,0.970703,0.278687, AVG ,-0.325439,1.022913,0.329102,,,,,,,,,,,
RAW,-0.28418,0.973999,0.270996, AVG ,-0.32262,1.032043,0.326404,,,,,,,,,,,
RAW,-0.286011,0.976074,0.268555, AVG ,-0.319592,1.040613,0.323279,,,,,,,,,,,
RAW,-0.287964,0.980957,0.266968, AVG ,-0.316589,1.04884,0.319861,,,,,,,,,,,
RAW,-0.292358,0.985474,0.267822, AVG ,-0.314844,1.056763,0.316138,,,,,,,,,,,
RAW,-0.300171,0.984741,0.270996, AVG ,-0.314856,1.06322,0.312537,,,,,,,,,,,
RAW,-0.300781,0.97937,0.276489, AVG ,-0.315515,1.067956,0.309265,,,,,,,,,,,
RAW,-0.303467,0.973877,0.28418, AVG ,-0.317371,1.070923,0.307092,,,,,,,,,,,
RAW,-0.312256,0.970337,0.293335, AVG ,-0.320337,1.072437,0.306079,,,,,,,,,,,
RAW,-0.32605,0.976562,0.301758, AVG ,-0.324951,1.073926,0.306799,,,,,,,,,,,
RAW,-0.32959,0.983643,0.316284, AVG ,-0.330371,1.075574,0.309607,,,,,,,,,,,
RAW,-0.324341,0.993408,0.331055, AVG ,-0.334717,1.077844,0.314844,,,,,,,,,,,
RAW,-0.314087,1,0.344604, AVG ,-0.337708,1.080444,0.322205,,,,,,,,,,,
RAW,-0.304077,1,0.352661, AVG ,-0.339514,1.082837,0.330615,,,,,,,,,,,
RAW,-0.293335,1,0.35437, AVG ,-0.340051,1.084741,0.339355,,,,,,,,,,,
RAW,-0.286987,1,0.352417, AVG ,-0.339514,1.086194,0.347815,,,,,,,,,,,
RAW,-0.283447,1,0.34668, AVG ,-0.337842,1.08772,0.355383,,,,,,,,,,,
RAW,-0.283447,1,0.338623, AVG ,-0.336108,1.089783,0.361597,,,,,,,,,,,
RAW,-0.286621,1,0.326172, AVG ,-0.334424,1.092395,0.365796,,,,,,,,,,,
RAW,-0.29248,1,0.313232, AVG ,-0.332446,1.095361,0.367786,,,,,,,,,,,
RAW,-0.29187,1,0.303711, AVG ,-0.329028,1.097705,0.367981,,,,,,,,,,,
RAW,-0.291382,1,0.294434, AVG ,-0.325207,1.099341,0.365796,,,,,,,,,,,
RAW,-0.294067,1,0.286255, AVG ,-0.32218,1.1,0.361316,,,,,,,,,,,
RAW,-0.290649,1,0.284912, AVG ,-0.319836,1.1,0.355347,,,,,,,,,,,
RAW,-0.285522,1,0.284668, AVG ,-0.317981,1.1,0.348547,,,,,,,,,,,
RAW,-0.278076,1,0.285522, AVG ,-0.316455,1.1,0.341663,,,,,,,,,,,
RAW,-0.27063,1,0.286499, AVG ,-0.314819,1.1,0.335071,,,,,,,,,,,
RAW,-0.2677,1,0.284058, AVG ,-0.313244,1.1,0.328809,,,,,,,,,,,
RAW,-0.268433,1,0.280884, AVG ,-0.311743,1.1,0.323035,,,,,,,,,,,
RAW,-0.269531,1,0.278809, AVG ,-0.310034,1.1,0.318298,,,,,,,,,,,
RAW,-0.275757,1,0.275024, AVG ,-0.308362,1.1,0.314478,,,,,,,,,,,
RAW,-0.27832,1,0.272095, AVG ,-0.307007,1.1,0.311316,,,,,,,,,,,
RAW,-0.27832,1,0.272583, AVG ,-0.3057,1.1,0.309131,,,,,,,,,,,
RAW,-0.282227,1,0.270508, AVG ,-0.304516,1.1,0.307556,,,,,,,,,,,
RAW,-0.285767,1,0.271118, AVG ,-0.304028,1.1,0.306177,,,,,,,,,,,
RAW,-0.297485,1,0.271729, AVG ,-0.305225,1.1,0.304883,,,,,,,,,,,
RAW,-0.30603,1,0.274292, AVG ,-0.30802,1.1,0.30376,,,,,,,,,,,
RAW,-0.316772,1,0.275757, AVG ,-0.312634,1.1,0.302686,,,,,,,,,,,
RAW,-0.320923,1,0.282349, AVG ,-0.317957,1.1,0.302515,,,,,,,,,,,
RAW,-0.32312,1,0.290283, AVG ,-0.323425,1.1,0.303455,,,,,,,,,,,
RAW,-0.318237,0.996704,0.296631, AVG ,-0.328296,1.09967,0.305237,,,,,,,,,,,
RAW,-0.31958,0.994629,0.303955, AVG ,-0.332678,1.099133,0.30813,,,,,,,,,,,
RAW,-0.318115,0.98999,0.307983, AVG ,-0.336658,1.098132,0.311719,,,,,,,,,,,
RAW,-0.313477,0.984863,0.308594, AVG ,-0.340173,1.096619,0.31532,,,,,,,,,,,
RAW,-0.311035,0.981812,0.310181, AVG ,-0.343054,1.0948,0.319287,,,,,,,,,,,
RAW,-0.306641,0.976807,0.307129, AVG ,-0.345142,1.09248,0.322888,,,,,,,,,,,
RAW,-0.303345,0.970581,0.300537, AVG ,-0.345728,1.089539,0.325769,,,,,,,,,,,
RAW,-0.295654,0.965454,0.291504, AVG ,-0.34469,1.086084,0.32749,,,,,,,,,,,
RAW,-0.291504,0.961182,0.28418, AVG ,-0.342163,1.082202,0.328333,,,,,,,,,,,
RAW,-0.292358,0.952148,0.272705, AVG ,-0.339307,1.077417,0.327368,,,,,,,,,,,
RAW,-0.294189,0.945435,0.264404, AVG ,-0.336413,1.07196,0.32478,,,,,,,,,,,
RAW,-0.296753,0.936401,0.258911, AVG ,-0.334265,1.06593,0.321008,,,,,,,,,,,
RAW,-0.298584,0.927368,0.256836, AVG ,-0.332165,1.059204,0.316296,,,,,,,,,,,
RAW,-0.296875,0.917603,0.258545, AVG ,-0.330041,1.051965,0.311353,,,,,,,,,,,
RAW,-0.293945,0.909058,0.260864, AVG ,-0.328088,1.044385,0.30658,,,,,,,,,,,
RAW,-0.291626,0.89917,0.266479, AVG ,-0.326147,1.036121,0.302209,,,,,,,,,,,
RAW,-0.289795,0.888428,0.268555, AVG ,-0.324463,1.027283,0.298352,,,,,,,,,,,
RAW,-0.291992,0.879761,0.274414, AVG ,-0.323327,1.018201,0.29574,,,,,,,,,,,
RAW,-0.290283,0.87085,0.281738, AVG ,-0.32279,1.00874,0.294763,,,,,,,,,,,
RAW,-0.287354,0.863037,0.287598, AVG ,-0.322375,0.998926,0.295105,,,,,,,,,,,
RAW,-0.286499,0.855713,0.28894, AVG ,-0.32179,0.989282,0.296728,,,,,,,,,,,
RAW,-0.288696,0.85083,0.293091, AVG ,-0.32124,0.979822,0.299597,,,,,,,,,,,
RAW,-0.290283,0.848389,0.2948, AVG ,-0.320593,0.971021,0.303186,,,,,,,,,,,
RAW,-0.293091,0.844482,0.29541, AVG ,-0.320044,0.962732,0.307043,,,,,,,,,,,
RAW,-0.290283,0.840698,0.292725, AVG ,-0.319385,0.955042,0.310461,,,,,,,,,,,
RAW,-0.286377,0.835449,0.294434, AVG ,-0.318628,0.947681,0.313818,,,,,,,,,,,
RAW,-0.278076,0.8302,0.290161, AVG ,-0.317273,0.940784,0.316187,,,,,,,,,,,
RAW,-0.266968,0.824463,0.284424, AVG ,-0.31499,0.934387,0.317773,,,,,,,,,,,
RAW,-0.261353,0.820679,0.27832, AVG ,-0.311926,0.928479,0.318164,,,,,,,,,,,
RAW,-0.251587,0.81665,0.269775, AVG ,-0.308057,0.923059,0.316968,,,,,,,,,,,
RAW,-0.244995,0.816162,0.261841, AVG ,-0.303821,0.918371,0.314392,,,,,,,,,,,
RAW,-0.241089,0.813721,0.249146, AVG ,-0.29928,0.914172,0.310413,,,,,,,,,,,
RAW,-0.241211,0.805176,0.235962, AVG ,-0.294531,0.909607,0.3047,,,,,,,,,,,
RAW,-0.242188,0.79895,0.229126, AVG ,-0.289722,0.904663,0.298132,,,,,,,,,,,
RAW,-0.24585,0.793213,0.220703, AVG ,-0.284998,0.899536,0.290662,,,,,,,,,,,
RAW,-0.249146,0.782715,0.215332, AVG ,-0.280884,0.893738,0.282922,,,,,,,,,,,
RAW,-0.251221,0.77478,0.213745, AVG ,-0.277368,0.887671,0.274853,,,,,,,,,,,
RAW,-0.254517,0.766846,0.21582, AVG ,-0.275013,0.881335,0.267419,,,,,,,,,,,
RAW,-0.255737,0.759033,0.218262, AVG ,-0.273889,0.874792,0.260803,,,,,,,,,,,
RAW,-0.259399,0.751953,0.2229, AVG ,-0.273694,0.86792,0.255261,,,,,,,,,,,
RAW,-0.260986,0.747559,0.227173, AVG ,-0.274634,0.861011,0.251001,,,,,,,,,,,
RAW,-0.258789,0.746826,0.228638, AVG ,-0.276013,0.854077,0.247681,,,,,,,,,,,
RAW,-0.258179,0.744507,0.230591, AVG ,-0.277722,0.847156,0.245825,,,,,,,,,,,
RAW,-0.258301,0.746582,0.230103, AVG ,-0.279431,0.841296,0.245239,,,,,,,,,,,
RAW,-0.260132,0.746216,0.228394, AVG ,-0.281226,0.836023,0.245166,,,,,,,,,,,
RAW,-0.261108,0.746826,0.22522, AVG ,-0.282751,0.831384,0.245618,,,,,,,,,,,
RAW,-0.258911,0.747192,0.222534, AVG ,-0.283728,0.827832,0.246338,,,,,,,,,,,
RAW,-0.252563,0.745972,0.217041, AVG ,-0.283862,0.824951,0.246668,,,,,,,,,,,
RAW,-0.248413,0.748291,0.211792, AVG ,-0.283252,0.823096,0.246265,,,,,,,,,,,
RAW,-0.245605,0.746704,0.20459, AVG ,-0.282239,0.821863,0.244898,,,,,,,,,,,
RAW,-0.244507,0.745239,0.202515, AVG ,-0.280749,0.821191,0.242859,,,,,,,,,,,
RAW,-0.237183,0.746216,0.202148, AVG ,-0.278369,0.821057,0.240357,,,,,,,,,,,
RAW,-0.2229,0.745483,0.205566, AVG ,-0.27478,0.820923,0.238049,,,,,,,,,,,
RAW,-0.204468,0.745239,0.211792, AVG ,-0.269409,0.820996,0.23617,,,,,,,,,,,
RAW,-0.178467,0.738647,0.216675, AVG ,-0.261426,0.820203,0.234827,,,,,,,,,,,
RAW,-0.156616,0.720215,0.22229, AVG ,-0.251074,0.817602,0.234216,,,,,,,,,,,
RAW,-0.14917,0.695801,0.222534, AVG ,-0.23988,0.8125,0.233948,,,,,,,,,,,
RAW,-0.156738,0.667725,0.22168, AVG ,-0.229663,0.804553,0.233862,,,,,,,,,,,
RAW,-0.164429,0.641235,0.22229, AVG ,-0.22085,0.79408,0.234387,,,,,,,,,,,
RAW,-0.165771,0.610229,0.22876, AVG ,-0.212585,0.780273,0.236084,,,,,,,,,,,
RAW,-0.160522,0.575562,0.245239, AVG ,-0.204077,0.763159,0.240149,,,,,,,,,,,
RAW,-0.153809,0.533081,0.262695, AVG ,-0.195007,0.741943,0.246167,,,,,,,,,,,
RAW,-0.153687,0.497314,0.283936, AVG ,-0.186658,0.717053,0.254346,,,,,,,,,,,
RAW,-0.159424,0.463501,0.312256, AVG ,-0.18031,0.688855,0.265015,,,,,,,,,,,
RAW,-0.162476,0.440186,0.346558, AVG ,-0.176111,0.65835,0.278491,,,,,,,,,,,
RAW,-0.14209,0.427368,0.39917, AVG ,-0.172473,0.627222,0.296741,,,,,,,,,,,
RAW,-0.094482,0.415527,0.454712, AVG ,-0.16626,0.596753,0.319983,,,,,,,,,,,
RAW,-0.025146,0.407837,0.509766, AVG ,-0.153857,0.567956,0.348706,,,,,,,,,,,
RAW,0.046631,0.411011,0.560669, AVG ,-0.13352,0.542285,0.382605,,,,,,,,,,,
RAW,0.109009,0.424438,0.605225, AVG ,-0.106177,0.520605,0.420899,,,,,,,,,,,
RAW,0.16626,0.457642,0.645996, AVG ,-0.072974,0.505347,0.462622,,,,,,,,,,,
RAW,0.2229,0.495239,0.684814, AVG ,-0.034631,0.497314,0.50658,,,,,,,,,,,
RAW,0.297607,0.535156,0.717896, AVG ,0.01051,0.497522,0.5521,,,,,,,,,,,
RAW,0.383057,0.565918,0.74231, AVG ,0.064185,0.504382,0.597937,,,,,,,,,,,
RAW,0.463135,0.591064,0.745239, AVG ,0.126441,0.517139,0.641235,,,,,,,,,,,
RAW,0.517822,0.602661,0.727905, AVG ,0.19447,0.533386,0.67937,,,,,,,,,,,
RAW,0.551025,0.612915,0.710449, AVG ,0.263782,0.551941,0.710498,,,,,,,,,,,
RAW,0.574829,0.625977,0.690552, AVG ,0.330713,0.572986,0.734082,,,,,,,,,,,
RAW,0.601685,0.631226,0.669189, AVG ,0.393396,0.595325,0.750024,,,,,,,,,,,
RAW,0.62439,0.630371,0.654419, AVG ,0.451172,0.617261,0.759399,,,,,,,,,,,
RAW,0.682129,0.639282,0.642212, AVG ,0.508484,0.638745,0.763098,,,,,,,,,,,
RAW,0.609619,0.638184,0.667358, AVG ,0.55282,0.656799,0.765234,,,,,,,,,,,
RAW,0.682373,0.628418,0.679321, AVG ,0.598767,0.670117,0.764685,,,,,,,,,,,
RAW,0.672485,0.629028,0.71582, AVG ,0.636255,0.679504,0.764477,,,,,,,,,,,
RAW,0.681763,0.617065,0.769165, AVG ,0.666126,0.684619,0.767163,,,,,,,,,,,
RAW,0.717285,0.621948,0.836182, AVG ,0.691541,0.687708,0.776257,,,,,,,,,,,
RAW,0.742188,0.620361,0.907593, AVG ,0.713977,0.689477,0.794226,,,,,,,,,,,
RAW,0.750244,0.633545,0.977539, AVG ,0.733899,0.691541,0.820935,,,,,,,,,,,
RAW,0.744751,0.650879,1, AVG ,0.750891,0.694031,0.85188,,,,,,,,,,,
RAW,0.720581,0.672363,1, AVG ,0.762781,0.698144,0.884961,,,,,,,,,,,
RAW,0.726929,0.702271,1, AVG ,0.773035,0.705334,0.919519,,,,,,,,,,,
RAW,0.782227,0.749512,1, AVG ,0.783045,0.716357,0.955298,,,,,,,,,,,
RAW,0.818359,0.805664,1, AVG ,0.803918,0.733105,0.988562,,,,,,,,,,,
RAW,0.809814,0.873535,1, AVG ,0.816663,0.757617,1.02063,,,,,,,,,,,
RAW,0.757202,0.942261,0.952637, AVG ,0.825134,0.78894,1.044312,,,,,,,,,,,
RAW,0.722046,1,0.881348, AVG ,0.829163,0.827234,1.05553,,,,,,,,,,,
RAW,0.617065,1,0.88855, AVG ,0.819141,0.865039,1.060767,,,,,,,,,,,
RAW,0.738403,1,0.946045, AVG ,0.818762,0.903003,1.064612,,,,,,,,,,,
RAW,0.926758,1,0.947754, AVG ,0.836414,0.939648,1.061633,,,,,,,,,,,
RAW,0.956787,1,0.836792, AVG ,0.857617,0.974561,1.045313,,,,,,,,,,,
RAW,0.832642,1,0.665161, AVG ,0.868823,1.007324,1.011829,,,,,,,,,,,
RAW,0.745483,1,0.526123, AVG ,0.870679,1.037097,0.964441,,,,,,,,,,,
RAW,0.673828,1,0.459106, AVG ,0.859839,1.062146,0.910352,,,,,,,,,,,
RAW,0.584595,1,0.49939, AVG ,0.836462,1.08158,0.860291,,,,,,,,,,,
RAW,0.782837,1,0.533447, AVG ,0.833765,1.094226,0.813635,,,,,,,,,,,
RAW,0.890747,1,0.506714, AVG ,0.847119,1.1,0.769043,,,,,,,,,,,
RAW,0.849976,1,0.390137, AVG ,0.859912,1.1,0.719922,,,,,,,,,,,
RAW,0.726318,1,0.273926, AVG ,0.870837,1.1,0.658459,,,,,,,,,,,
RAW,0.670654,1,0.19873, AVG ,0.864062,1.1,0.583728,,,,,,,,,,,
RAW,0.669556,1,0.15686, AVG ,0.838342,1.1,0.504639,,,,,,,,,,,
RAW,0.62915,1,0.167236, AVG ,0.805579,1.1,0.437683,,,,,,,,,,,
RAW,0.603394,1,0.242798, AVG ,0.782654,1.1,0.395447,,,,,,,,,,,
RAW,0.759155,1,0.327148, AVG ,0.784021,1.1,0.375549,,,,,,,,,,,
RAW,0.801636,1,0.315796, AVG ,0.796802,1.1,0.361218,,,,,,,,,,,
RAW,0.723145,1,0.317017, AVG ,0.810657,1.1,0.342981,,,,,,,,,,,
RAW,0.691284,1,0.28894, AVG ,0.801501,1.1,0.31853,,,,,,,,,,,
RAW,0.718994,1,0.327148, AVG ,0.784326,1.1,0.300574,,,,,,,,,,,
RAW,0.766846,1,0.351074, AVG ,0.776013,1.1,0.296667,,,,,,,,,,,
RAW,0.809692,1,0.382812, AVG ,0.784351,1.1,0.307556,,,,,,,,,,,
RAW,0.854126,1,0.414551, AVG ,0.802698,1.1,0.329138,,,,,,,,,,,
RAW,0.903931,1,0.44043, AVG ,0.826135,1.1,0.357495,,,,,,,,,,,
RAW,0.946899,1,0.458984, AVG ,0.85791,1.1,0.38667,,,,,,,,,,,
RAW,0.973999,1,0.467773, AVG ,0.894971,1.1,0.409167,,,,,,,,,,,
RAW,0.995483,0.987305,0.46521, AVG ,0.918604,1.09873,0.422974,,,,,,,,,,,
RAW,1,0.952393,0.455566, AVG ,0.93844,1.09397,0.436951,,,,,,,,,,,
RAW,1,0.913696,0.444214, AVG ,0.966125,1.085339,0.44967,,,,,,,,,,,
RAW,1,0.874512,0.431396, AVG ,0.996997,1.072791,0.463916,,,,,,,,,,,
RAW,1,0.831177,0.421875, AVG ,1.025098,1.055908,0.473388,,,,,,,,,,,
RAW,1,0.790527,0.410034, AVG ,1.048413,1.034961,0.479285,,,,,,,,,,,
RAW,1,0.750488,0.414185, AVG ,1.067444,1.01001,0.482422,,,,,,,,,,,
RAW,0.995117,0.704956,0.42334, AVG ,1.081543,0.980505,0.483301,,,,,,,,,,,
RAW,0.985596,0.657593,0.445557, AVG ,1.089709,0.946265,0.483813,,,,,,,,,,,
RAW,0.978882,0.610718,0.470459, AVG ,1.092908,0.907337,0.484961,,,,,,,,,,,
RAW,0.970947,0.56311,0.505127, AVG ,1.092603,0.863648,0.488696,,,,,,,,,,,
RAW,0.964966,0.524658,0.545654, AVG ,1.089551,0.817383,0.496741,,,,,,,,,,,
RAW,0.951294,0.498169,0.580078, AVG ,1.08468,0.77196,0.509192,,,,,,,,,,,
RAW,0.940918,0.484497,0.616455, AVG ,1.078772,0.729041,0.526416,,,,,,,,,,,
RAW,0.936279,0.474609,0.656616, AVG ,1.0724,0.68905,0.548938,,,,,,,,,,,
RAW,0.928467,0.481934,0.680298, AVG ,1.065247,0.654126,0.57478,,,,,,,,,,,
RAW,0.911865,0.490967,0.693359, AVG ,1.056433,0.62417,0.603113,,,,,,,,,,,
RAW,0.901123,0.504517,0.696899, AVG ,1.046545,0.599573,0.631384,,,,,,,,,,,
RAW,0.874634,0.514038,0.687744, AVG ,1.034497,0.580481,0.657825,,,,,,,,,,,
RAW,0.839844,0.526855,0.671265, AVG ,1.019922,0.567407,0.680395,,,,,,,,,,,
RAW,0.810791,0.540039,0.648193, AVG ,1.003113,0.560339,0.698169,,,,,,,,,,,
RAW,0.759644,0.555542,0.60791, AVG ,0.981982,0.559583,0.708447,,,,,,,,,,,
RAW,0.691895,0.574829,0.562866, AVG ,0.954675,0.5646,0.710168,,,,,,,,,,,
RAW,0.644531,0.591431,0.527222, AVG ,0.923999,0.573926,0.704883,,,,,,,,,,,
RAW,0.598755,0.59375,0.483765, AVG ,0.889783,0.584851,0.691614,,,,,,,,,,,
RAW,0.545044,0.617554,0.44104, AVG ,0.850659,0.599146,0.670056,,,,,,,,,,,
RAW,0.49585,0.648071,0.395142, AVG ,0.807398,0.615759,0.64154,,,,,,,,,,,
RAW,0.440063,0.694824,0.350952, AVG ,0.760217,0.636145,0.6073,,,,,,,,,,,
RAW,0.387939,0.739624,0.30603, AVG ,0.708899,0.659656,0.568213,,,,,,,,,,,
RAW,0.341187,0.781738,0.257935, AVG ,0.655554,0.686426,0.525232,,,,,,,,,,,
RAW,0.297607,0.828735,0.204712, AVG ,0.601331,0.716614,0.478577,,,,,,,,,,,
RAW,0.257202,0.87085,0.146973, AVG ,0.545972,0.749695,0.428455,,,,,,,,,,,
RAW,0.204956,0.910889,0.089722, AVG ,0.490503,0.78523,0.376636,,,,,,,,,,,
RAW,0.153076,0.93811,0.026611, AVG ,0.436621,0.821558,0.32301,,,,,,,,,,,
RAW,0.091797,0.955078,-0.039917, AVG ,0.381348,0.857922,0.266296,,,,,,,,,,,
RAW,0.039307,0.974731,-0.095215, AVG ,0.325403,0.89602,0.208398,,,,,,,,,,,
RAW,0.001099,0.987061,-0.138306, AVG ,0.271008,0.932971,0.150464,,,,,,,,,,,
RAW,-0.036865,0.988647,-0.174683, AVG ,0.217737,0.967029,0.093481,,,,,,,,,,,
RAW,-0.071167,0.982666,-0.200928, AVG ,0.166614,0.995813,0.038293,,,,,,,,,,,
RAW,-0.109497,0.977539,-0.220703, AVG ,0.11687,1.019604,-0.01438,,,,,,,,,,,
RAW,-0.150391,0.971924,-0.231689, AVG ,0.067712,1.038623,-0.063342,,,,,,,,,,,
RAW,-0.188354,0.97583,-0.2323, AVG ,0.019116,1.053333,-0.107043,,,,,,,,,,,
RAW,-0.239136,0.976685,-0.188721, AVG ,-0.030517,1.063916,-0.140613,,,,,,,,,,,
RAW,-0.26355,0.985229,-0.21582, AVG ,-0.077368,1.07135,-0.171167,,,,,,,,,,,
RAW,-0.315918,0.926758,-0.217041, AVG ,-0.124268,1.070215,-0.195532,,,,,,,,,,,
RAW,-0.351074,0.916626,-0.194214, AVG ,-0.168555,1.06637,-0.210962,,,,,,,,,,,
RAW,-0.366211,0.884521,-0.187134, AVG ,-0.209106,1.057349,-0.220154,,,,,,,,,,,
RAW,-0.413574,0.852295,-0.158203, AVG ,-0.250574,1.043872,-0.222144,,,,,,,,,,,
RAW,-0.464355,0.838135,-0.118408, AVG ,-0.293323,1.028821,-0.216516,,,,,,,,,,,
RAW,-0.500488,0.828613,-0.080322, AVG ,-0.336255,1.013416,-0.204456,,,,,,,,,,,
RAW,-0.525879,0.822632,-0.051514, AVG ,-0.377893,0.997925,-0.187537,,,,,,,,,,,
RAW,-0.544922,0.819702,-0.029297, AVG ,-0.417346,0.982703,-0.167297,,,,,,,,,,,
RAW,-0.564941,0.815308,-0.025635, AVG ,-0.455005,0.96665,-0.146631,,,,,,,,,,,
RAW,-0.593872,0.808716,-0.031128, AVG ,-0.490478,0.949854,-0.130872,,,,,,,,,,,
RAW,-0.618896,0.806396,-0.042603, AVG ,-0.526013,0.93197,-0.11355,,,,,,,,,,,
RAW,-0.646606,0.803711,-0.057739, AVG ,-0.559082,0.919666,-0.09762,,,,,,,,,,,
RAW,-0.666504,0.797241,-0.073364, AVG ,-0.590625,0.907727,-0.085535,,,,,,,,,,,
RAW,-0.685547,0.78418,-0.091675, AVG ,-0.622558,0.897693,-0.075989,,,,,,,,,,,
RAW,-0.702393,0.768433,-0.106934, AVG ,-0.65144,0.889307,-0.070862,,,,,,,,,,,
RAW,-0.712524,0.754761,-0.116577, AVG ,-0.676257,0.880969,-0.070679,,,,,,,,,,,
RAW,-0.735718,0.73645,-0.128296, AVG ,-0.69978,0.871753,-0.075476,,,,,,,,,,,
RAW,-0.752563,0.689453,-0.130493, AVG ,-0.722449,0.858435,-0.083374,,,,,,,,,,,
RAW,-0.720459,0.62561,-0.111938, AVG ,-0.740002,0.839026,-0.091638,,,,,,,,,,,
RAW,-0.734741,0.637451,-0.081665, AVG ,-0.756982,0.82124,-0.097241,,,,,,,,,,,
RAW,-0.778198,0.67688,-0.085815, AVG ,-0.775415,0.808057,-0.10271,,,,,,,,,,,
RAW,-0.799805,0.685181,-0.141968, AVG ,-0.793506,0.795935,-0.112646,,,,,,,,,,,
RAW,-0.784424,0.66272,-0.212158, AVG ,-0.807288,0.781836,-0.128088,,,,,,,,,,,
RAW,-0.788818,0.636719,-0.293823, AVG ,-0.819519,0.765784,-0.150134,,,,,,,,,,,
RAW,-0.815186,0.640381,-0.3396, AVG ,-0.832483,0.751404,-0.174927,,,,,,,,,,,
RAW,-0.795654,0.645752,-0.336792, AVG ,-0.841809,0.739136,-0.197912,,,,,,,,,,,
RAW,-0.804199,0.639771,-0.329346, AVG ,-0.850977,0.727637,-0.219189,,,,,,,,,,,
RAW,-0.804077,0.622925,-0.315552, AVG ,-0.857812,0.716284,-0.237915,,,,,,,,,,,
RAW,-0.810059,0.573242,-0.313232, AVG ,-0.863562,0.704663,-0.256189,,,,,,,,,,,
RAW,-0.810181,0.504272,-0.312256, AVG ,-0.872534,0.692529,-0.276221,,,,,,,,,,,
RAW,-0.819946,0.434082,-0.304077, AVG ,-0.881055,0.672193,-0.298462,,,,,,,,,,,
RAW,-0.82959,0.362915,-0.292725, AVG ,-0.886194,0.640796,-0.319153,,,,,,,,,,,
RAW,-0.846436,0.290649,-0.284424, AVG ,-0.890857,0.601343,-0.333399,,,,,,,,,,,
RAW,-0.861328,0.218506,-0.274658, AVG ,-0.898547,0.556921,-0.339649,,,,,,,,,,,
RAW,-0.865601,0.154663,-0.270752, AVG ,-0.906226,0.508716,-0.337341,,,,,,,,,,,
RAW,-0.891724,0.091064,-0.267456, AVG ,-0.913879,0.453784,-0.330127,,,,,,,,,,,
RAW,-0.937988,0.027954,-0.265869, AVG ,-0.928113,0.392004,-0.323035,,,,,,,,,,,
RAW,-0.981445,-0.028564,-0.251709, AVG ,-0.945837,0.325171,-0.315271,,,,,,,,,,,
RAW,-1,-0.073242,-0.232544, AVG ,-0.96543,0.255554,-0.30697,,,,,,,,,,,
RAW,-1,-0.119141,-0.202637, AVG ,-0.984424,0.186316,-0.295911,,,,,,,,,,,
RAW,-1,-0.161011,-0.169189, AVG ,-1.003406,0.119788,-0.281604,,,,,,,,,,,
RAW,-1,-0.197021,-0.117188, AVG ,-1.021411,0.056677,-0.262915,,,,,,,,,,,
RAW,-1,-0.226807,-0.044189, AVG ,-1.038452,-0.002295,-0.238061,,,,,,,,,,,
RAW,-1,-0.238647,0.042603, AVG ,-1.053809,-0.055225,-0.205359,,,,,,,,,,,
RAW,-1,-0.238525,0.135986, AVG ,-1.067676,-0.100928,-0.164294,,,,,,,,,,,
RAW,-1,-0.226318,0.206909, AVG ,-1.081116,-0.139026,-0.116528,,,,,,,,,,,
RAW,-1,-0.223022,0.271118, AVG ,-1.091943,-0.170434,-0.062671,,,,,,,,,,,
RAW,-1,-0.196899,0.30835, AVG ,-1.098145,-0.19292,-0.005249,,,,,,,,,,,
RAW,-1,-0.175171,0.317261, AVG ,-1.1,-0.20758,0.051648,,,,,,,,,,,
RAW,-1,-0.157715,0.302124, AVG ,-1.1,-0.216028,0.105115,,,,,,,,,,,
RAW,-1,-0.133179,0.272339, AVG ,-1.1,-0.217431,0.152612,,,,,,,,,,,
RAW,-1,-0.096436,0.22644, AVG ,-1.1,-0.210974,0.192175,,,,,,,,,,,
RAW,-1,-0.055908,0.177612, AVG ,-1.1,-0.196863,0.221655,,,,,,,,,,,
RAW,-1,-0.009033,0.120483, AVG ,-1.1,-0.175085,0.238123,,,,,,,,,,,
RAW,-0.996582,0.03894,0.068115, AVG ,-1.099658,-0.147327,0.240674,,,,,,,,,,,
RAW,-0.959473,0.100708,0.019043, AVG ,-1.095606,-0.113403,0.228979,,,,,,,,,,,
RAW,-0.918213,0.155396,-0.026978, AVG ,-1.087427,-0.075232,0.205591,,,,,,,,,,,
RAW,-0.868164,0.203979,-0.069458, AVG ,-1.074243,-0.032532,0.171533,,,,,,,,,,,
RAW,-0.814697,0.25293,-0.108032, AVG ,-1.055713,0.012451,0.129895,,,,,,,,,,,
RAW,-0.776001,0.302612,-0.138794, AVG ,-1.033313,0.060229,0.084289,,,,,,,,,,,
RAW,-0.744263,0.34436,-0.163818, AVG ,-1.007739,0.110437,0.037695,,,,,,,,,,,
RAW,-0.714722,0.374268,-0.18042, AVG ,-0.979212,0.161182,-0.007581,,,,,,,,,,,
RAW,-0.691772,0.391724,-0.191528, AVG ,-0.948389,0.209998,-0.049378,,,,,,,,,,,
RAW,-0.677734,0.401123,-0.193726, AVG ,-0.916162,0.255701,-0.086511,,,,,,,,,,,
RAW,-0.674561,0.402222,-0.186401, AVG ,-0.883618,0.296826,-0.1172,,,,,,,,,,,
RAW,-0.689819,0.402832,-0.168091, AVG ,-0.852942,0.333215,-0.14082,,,,,,,,,,,
RAW,-0.705322,0.403442,-0.128418, AVG ,-0.827527,0.363489,-0.155566,,,,,,,,,,,
RAW,-0.7229,0.399048,-0.072266, AVG ,-0.807995,0.387854,-0.160095,,,,,,,,,,,
RAW,-0.747559,0.388672,-0.005249, AVG ,-0.795935,0.406323,-0.153674,,,,,,,,,,,
RAW,-0.766357,0.364258,0.071533, AVG ,-0.791101,0.417456,-0.135718,,,,,,,,,,,
RAW,-0.78064,0.330322,0.159668, AVG ,-0.791565,0.420227,-0.105872,,,,,,,,,,,
RAW,-0.797363,0.292847,0.250122, AVG ,-0.796875,0.415076,-0.064478,,,,,,,,,,,
RAW,-0.812012,0.253052,0.329224, AVG ,-0.806604,0.402954,-0.013513,,,,,,,,,,,
RAW,-0.811523,0.216187,0.400146, AVG ,-0.818579,0.3854,0.045654,,,,,,,,,,,
RAW,-0.804199,0.188843,0.455688, AVG ,-0.831226,0.364172,0.110596,,,,,,,,,,,
RAW,-0.800171,0.169067,0.502197, AVG ,-0.843786,0.340857,0.179455,,,,,,,,,,,
RAW,-0.795288,0.155396,0.532471, AVG ,-0.854333,0.316113,0.249512,,,,,,,,,,,
RAW,-0.787476,0.143066,0.547607, AVG ,-0.862549,0.290076,0.317114,,,,,,,,,,,
RAW,-0.774536,0.137329,0.552734, AVG ,-0.867712,0.263904,0.379614,,,,,,,,,,,
RAW,-0.761719,0.129761,0.545044, AVG ,-0.869128,0.238013,0.434643,,,,,,,,,,,
RAW,-0.744629,0.128418,0.52478, AVG ,-0.866956,0.214429,0.479968,,,,,,,,,,,
RAW,-0.724731,0.132324,0.500122, AVG ,-0.861365,0.194629,0.514014,,,,,,,,,,,
RAW,-0.707397,0.14209,0.47229, AVG ,-0.852368,0.179553,0.53623,,,,,,,,,,,
RAW,-0.688232,0.157349,0.44397, AVG ,-0.83999,0.169983,0.547705,,,,,,,,,,,
RAW,-0.670898,0.175049,0.421143, AVG ,-0.825928,0.165869,0.549805,,,,,,,,,,,
RAW,-0.659058,0.194214,0.408691, AVG ,-0.811414,0.166406,0.545105,,,,,,,,,,,
RAW,-0.6604,0.211182,0.401245, AVG ,-0.797436,0.170618,0.53501,,,,,,,,,,,
RAW,-0.661865,0.22937,0.409058, AVG ,-0.784094,0.178015,0.522668,,,,,,,,,,,
RAW,-0.648926,0.248779,0.427124, AVG ,-0.770239,0.188586,0.51062,,,,,,,,,,,
RAW,-0.633057,0.273193,0.455444, AVG ,-0.756091,0.202173,0.500891,,,,,,,,,,,
RAW,-0.615356,0.295654,0.49646, AVG ,-0.741455,0.218762,0.496033,,,,,,,,,,,
RAW,-0.604004,0.311035,0.538452, AVG ,-0.727392,0.237024,0.4974,,,,,,,,,,,
RAW,-0.6073,0.324707,0.579346, AVG ,-0.715649,0.256262,0.505322,,,,,,,,,,,
RAW,-0.612549,0.340454,0.61853, AVG ,-0.706165,0.276099,0.519946,,,,,,,,,,,
RAW,-0.613403,0.366089,0.654297, AVG ,-0.698682,0.296973,0.540979,,,,,,,,,,,
RAW,-0.609863,0.386719,0.682373, AVG ,-0.692578,0.31814,0.567102,,,,,,,,,,,
RAW,-0.599365,0.394897,0.699829, AVG ,-0.686609,0.338208,0.596216,,,,,,,,,,,
RAW,-0.600464,0.39624,0.711548, AVG ,-0.680615,0.356714,0.627246,,,,,,,,,,,
RAW,-0.573486,0.393677,0.721313, AVG ,-0.671777,0.373144,0.658472,,,,,,,,,,,
RAW,-0.55542,0.391602,0.727295, AVG ,-0.662427,0.387427,0.688489,,,,,,,,,,,
RAW,-0.532349,0.387695,0.727539, AVG ,-0.652356,0.398877,0.715698,,,,,,,,,,,
RAW,-0.507324,0.380859,0.716309, AVG ,-0.641553,0.407397,0.737683,,,,,,,,,,,
RAW,-0.490234,0.373169,0.700317, AVG ,-0.630176,0.413611,0.75387,,,,,,,,,,,
RAW,-0.484985,0.361816,0.677612, AVG ,-0.617944,0.417322,0.763696,,,,,,,,,,,
RAW,-0.488281,0.346313,0.655029, AVG ,-0.605517,0.417908,0.767346,,,,,,,,,,,
RAW,-0.488525,0.331421,0.643188, AVG ,-0.59303,0.414441,0.766235,,,,,,,,,,,
RAW,-0.481567,0.314453,0.638062, AVG ,-0.5802,0.407214,0.761804,,,,,,,,,,,
RAW,-0.477905,0.300537,0.647949, AVG ,-0.568054,0.397778,0.756616,,,,,,,,,,,
RAW,-0.466553,0.286377,0.663696, AVG ,-0.554663,0.386792,0.751831,,,,,,,,,,,
RAW,-0.459106,0.272461,0.687378, AVG ,-0.543225,0.37467,0.748437,,,,,,,,,,,
RAW,-0.445068,0.258545,0.711792, AVG ,-0.53219,0.361365,0.746887,,,,,,,,,,,
RAW,-0.422729,0.261719,0.733154, AVG ,-0.521228,0.348767,0.747449,,,,,,,,,,,
RAW,-0.401123,0.269287,0.750488, AVG ,-0.510608,0.33761,0.750866,,,,,,,,,,,
RAW,-0.380249,0.283081,0.760132, AVG ,-0.499609,0.328601,0.756848,,,,,,,,,,,
RAW,-0.366821,0.294434,0.762939, AVG ,-0.487793,0.321863,0.765381,,,,,,,,,,,
RAW,-0.36438,0.307861,0.766235, AVG ,-0.475403,0.318018,0.776501,,,,,,,,,,,
RAW,-0.359009,0.322266,0.772339, AVG ,-0.462451,0.317102,0.789416,,,,,,,,,,,
RAW,-0.348389,0.339111,0.783447, AVG ,-0.449133,0.319568,0.803955,,,,,,,,,,,
RAW,-0.334595,0.357056,0.808838, AVG ,-0.434802,0.32522,0.820044,,,,,,,,,,,
RAW,-0.312866,0.382568,0.823975, AVG ,-0.419433,0.334839,0.836072,,,,,,,,,,,
RAW,-0.30481,0.384033,0.836548, AVG ,-0.404004,0.345996,0.850989,,,,,,,,,,,
RAW,-0.287354,0.38855,0.844604, AVG ,-0.388233,0.358997,0.86427,,,,,,,,,,,
RAW,-0.271729,0.394165,0.85144, AVG ,-0.373133,0.372241,0.876099,,,,,,,,,,,
RAW,-0.253052,0.407593,0.853149, AVG ,-0.358325,0.386072,0.886365,,,,,,,,,,,
RAW,-0.234863,0.424683,0.854736, AVG ,-0.343787,0.400232,0.895825,,,,,,,,,,,
RAW,-0.225586,0.435913,0.847534, AVG ,-0.329663,0.41438,0.904284,,,,,,,,,,,
RAW,-0.218506,0.446899,0.850464, AVG ,-0.315076,0.428284,0.912707,,,,,,,,,,,
RAW,-0.205688,0.447266,0.846802, AVG ,-0.299744,0.440784,0.920154,,,,,,,,,,,
RAW,-0.195435,0.446289,0.843872, AVG ,-0.284448,0.451502,0.926196,,,,,,,,,,,
RAW,-0.183105,0.44751,0.845215, AVG ,-0.269299,0.460547,0.929834,,,,,,,,,,,
RAW,-0.168457,0.44812,0.843994, AVG ,-0.254858,0.467102,0.931836,,,,,,,,,,,
RAW,-0.151855,0.44165,0.846069, AVG ,-0.239563,0.472864,0.932788,,,,,,,,,,,
RAW,-0.143921,0.441406,0.848755, AVG ,-0.22522,0.478149,0.933203,,,,,,,,,,,
RAW,-0.134521,0.446899,0.853271, AVG ,-0.211499,0.483423,0.933386,,,,,,,,,,,
RAW,-0.120728,0.460205,0.862793, AVG ,-0.198267,0.488684,0.934351,,,,,,,,,,,
RAW,-0.108765,0.483398,0.87085, AVG ,-0.185657,0.494556,0.935962,,,,,,,,,,,
RAW,-0.102783,0.507324,0.875488, AVG ,-0.173376,0.501697,0.938757,,,,,,,,,,,
RAW,-0.09375,0.539307,0.878174, AVG ,-0.160901,0.510937,0.941528,,,,,,,,,,,
RAW,-0.076416,0.569702,0.879028, AVG ,-0.147974,0.523181,0.944751,,,,,,,,,,,
RAW,-0.052734,0.598633,0.876587, AVG ,-0.133704,0.538415,0.948022,,,,,,,,,,,
RAW,-0.035767,0.617554,0.864746, AVG ,-0.11897,0.55542,0.949976,,,,,,,,,,,
RAW,-0.014526,0.65332,0.849243, AVG ,-0.103577,0.57594,0.9505,,,,,,,,,,,
RAW,-0.000244,0.661133,0.831909, AVG ,-0.088416,0.597888,0.949084,,,,,,,,,,,
RAW,0.011353,0.672974,0.815308, AVG ,-0.072888,0.621045,0.94574,,,,,,,,,,,
RAW,0.027588,0.673462,0.805786, AVG ,-0.056677,0.643701,0.940991,,,,,,,,,,,
RAW,0.04187,0.672607,0.796265, AVG ,-0.040417,0.664941,0.934338,,,,,,,,,,,
RAW,0.058105,0.666382,0.800171, AVG ,-0.02373,0.68324,0.92727,,,,,,,,,,,
RAW,0.078857,0.65979,0.802368, AVG ,-0.005566,0.698486,0.919958,,,,,,,,,,,
RAW,0.104248,0.654419,0.80896, AVG ,0.014233,0.709998,0.913037,,,,,,,,,,,
RAW,0.128052,0.639282,0.813843, AVG ,0.03468,0.716956,0.906519,,,,,,,,,,,
RAW,0.129883,0.62439,0.808105, AVG ,0.052942,0.719531,0.89967,,,,,,,,,,,
RAW,0.144653,0.620483,0.817383, AVG ,0.070984,0.719824,0.894934,,,,,,,,,,,
RAW,0.164307,0.613892,0.821289, AVG ,0.088867,0.715881,0.892139,,,,,,,,,,,
RAW,0.19519,0.61731,0.826538, AVG ,0.108411,0.711499,0.891602,,,,,,,,,,,
RAW,0.218262,0.621216,0.824951, AVG ,0.129102,0.706323,0.892566,,,,,,,,,,,
RAW,0.216187,0.614258,0.813599, AVG ,0.147961,0.700403,0.893347,,,,,,,,,,,
RAW,0.214844,0.603638,0.794678, AVG ,0.165259,0.693506,0.893188,,,,,,,,,,,
RAW,0.220459,0.599243,0.774902, AVG ,0.181494,0.686792,0.890662,,,,,,,,,,,
RAW,0.22876,0.594604,0.758301, AVG ,0.196485,0.680273,0.886255,,,,,,,,,,,
RAW,0.233398,0.593018,0.742798, AVG ,0.2094,0.674133,0.879639,,,,,,,,,,,
RAW,0.247437,0.601074,0.733643, AVG ,0.221338,0.670313,0.871619,,,,,,,,,,,
RAW,0.274292,0.616333,0.731567, AVG ,0.235779,0.669507,0.863965,,,,,,,,,,,
RAW,0.302124,0.636475,0.737915, AVG ,0.251526,0.671106,0.856018,,,,,,,,,,,
RAW,0.329712,0.659058,0.748535, AVG ,0.268067,0.675623,0.848743,,,,,,,,,,,
RAW,0.354126,0.682251,0.766357, AVG ,0.28396,0.682117,0.842725,,,,,,,,,,,
RAW,0.365479,0.696899,0.776978, AVG ,0.298682,0.689685,0.837927,,,,,,,,,,,
RAW,0.369873,0.703369,0.78064, AVG ,0.31405,0.698596,0.834631,,,,,,,,,,,
RAW,0.37085,0.69751,0.784058, AVG ,0.329651,0.707983,0.833569,,,,,,,,,,,
RAW,0.370728,0.689331,0.776001, AVG ,0.344678,0.716992,0.833679,,,,,,,,,,,
RAW,0.366211,0.682617,0.768921, AVG ,0.358423,0.725793,0.834741,,,,,,,,,,,
RAW,0.355469,0.667847,0.75708, AVG ,0.37063,0.733276,0.836169,,,,,,,,,,,
RAW,0.345093,0.652954,0.747314, AVG ,0.380396,0.738464,0.837537,,,,,,,,,,,
RAW,0.348022,0.632568,0.738525, AVG ,0.387769,0.740088,0.838232,,,,,,,,,,,
RAW,0.361572,0.614502,0.733398, AVG ,0.393713,0.737891,0.837781,,,,,,,,,,,
RAW,0.379517,0.602417,0.728149, AVG ,0.398694,0.732227,0.835742,,,,,,,,,,,
RAW,0.404785,0.601807,0.722778, AVG ,0.40376,0.724182,0.831384,,,,,,,,,,,
RAW,0.426758,0.611694,0.715088, AVG ,0.409888,0.715662,0.825195,,,,,,,,,,,
RAW,0.444946,0.634399,0.696289, AVG ,0.417395,0.708765,0.81676,,,,,,,,,,,
RAW,0.455078,0.652344,0.66394, AVG ,0.425818,0.704248,0.804748,,,,,,,,,,,
RAW,0.46167,0.671875,0.627319, AVG ,0.434912,0.702502,0.78988,,,,,,,,,,,
RAW,0.473755,0.699219,0.598389, AVG ,0.445666,0.704163,0.772827,,,,,,,,,,,
RAW,0.495117,0.726318,0.57959, AVG ,0.459631,0.71001,0.755078,,,,,,,,,,,
RAW,0.518921,0.756104,0.565186, AVG ,0.477014,0.720325,0.736865,,,,,,,,,,,
RAW,0.535522,0.775879,0.549805, AVG ,0.495764,0.734656,0.717993,,,,,,,,,,,
RAW,0.536743,0.78772,0.528687, AVG ,0.513281,0.751978,0.697522,,,,,,,,,,,
RAW,0.533569,0.802734,0.513672, AVG ,0.528686,0.772009,0.676074,,,,,,,,,,,
RAW,0.522705,0.80481,0.502808, AVG ,0.540478,0.79231,0.654077,,,,,,,,,,,
RAW,0.50769,0.790894,0.497314, AVG ,0.548572,0.81023,0.6323,,,,,,,,,,,
RAW,0.509888,0.765015,0.496338, AVG ,0.555066,0.823291,0.612305,,,,,,,,,,,
RAW,0.526733,0.733276,0.5, AVG ,0.562231,0.831384,0.595911,,,,,,,,,,,
RAW,0.550171,0.721436,0.498535, AVG ,0.571081,0.836341,0.583032,,,,,,,,,,,
RAW,0.568115,0.724487,0.489624, AVG ,0.580517,0.838867,0.572156,,,,,,,,,,,
RAW,0.570679,0.729736,0.471191, AVG ,0.588074,0.839209,0.561316,,,,,,,,,,,
RAW,0.569458,0.729492,0.448975, AVG ,0.593127,0.836548,0.549695,,,,,,,,,,,
RAW,0.568726,0.71936,0.422363, AVG ,0.596448,0.830896,0.536951,,,,,,,,,,,
RAW,0.570068,0.715332,0.408569, AVG ,0.59978,0.823657,0.524939,,,,,,,,,,,
RAW,0.58313,0.709839,0.398438, AVG ,0.604736,0.814368,0.513416,,,,,,,,,,,
RAW,0.59729,0.721924,0.388184, AVG ,0.612195,0.806079,0.501953,,,,,,,,,,,
RAW,0.604614,0.737305,0.387207, AVG ,0.621887,0.80072,0.490942,,,,,,,,,,,
RAW,0.598755,0.757935,0.38208, AVG ,0.630774,0.800012,0.479517,,,,,,,,,,,
RAW,0.588257,0.775146,0.387451, AVG ,0.636926,0.804199,0.468262,,,,,,,,,,,
RAW,0.581909,0.790771,0.402344, AVG ,0.6401,0.811133,0.458643,,,,,,,,,,,
RAW,0.578369,0.807617,0.428345, AVG ,0.641126,0.819446,0.452515,,,,,,,,,,,
RAW,0.578369,0.823975,0.460815, AVG ,0.641895,0.82887,0.451477,,,,,,,,,,,
RAW,0.578125,0.843262,0.492188, AVG ,0.642761,0.840247,0.455798,,,,,,,,,,,
RAW,0.579834,0.864258,0.52771, AVG ,0.643872,0.854736,0.466333,,,,,,,,,,,
RAW,0.579834,0.880005,0.555542, AVG ,0.644849,0.871204,0.48103,,,,,,,,,,,
RAW,0.569702,0.891846,0.577881, AVG ,0.643506,0.889404,0.498975,,,,,,,,,,,
RAW,0.558594,0.904541,0.596802, AVG ,0.639636,0.907666,0.519837,,,,,,,,,,,
RAW,0.547363,0.917236,0.61499, AVG ,0.633911,0.925659,0.542615,,,,,,,,,,,
RAW,0.539429,0.924683,0.626709, AVG ,0.627978,0.942334,0.567078,,,,,,,,,,,
RAW,0.531006,0.926758,0.630737, AVG ,0.622253,0.957495,0.591406,,,,,,,,,,,
RAW,0.526733,0.931763,0.629272, AVG ,0.616736,0.971594,0.614099,,,,,,,,,,,
RAW,0.527466,0.936523,0.620483, AVG ,0.611646,0.984485,0.633313,,,,,,,,,,,
RAW,0.537476,0.950317,0.600952, AVG ,0.607556,0.997119,0.647327,,,,,,,,,,,
RAW,0.555542,0.962402,0.567627, AVG ,0.605298,1.009033,0.654871,,,,,,,,,,,
RAW,0.576172,0.970215,0.523682, AVG ,0.604932,1.019629,0.654468,,,,,,,,,,,
RAW,0.603882,0.975342,0.47522, AVG ,0.607337,1.029163,0.646436,,,,,,,,,,,
RAW,0.619263,0.976807,0.419312, AVG ,0.612293,1.037659,0.630579,,,,,,,,,,,
RAW,0.624634,0.980957,0.361938, AVG ,0.618897,1.0453,0.607092,,,,,,,,,,,
RAW,0.624756,0.988525,0.310181, AVG ,0.626636,1.052429,0.576611,,,,,,,,,,,
RAW,0.621948,1,0.273193, AVG ,0.634888,1.059961,0.54126,,,,,,,,,,,
RAW,0.616699,1,0.258057, AVG ,0.643457,1.067285,0.503992,,,,,,,,,,,
RAW,0.614868,1,0.258545, AVG ,0.652271,1.074109,0.466919,,,,,,,,,,,
RAW,0.609741,1,0.269409, AVG ,0.660498,1.080456,0.431812,,,,,,,,,,,
RAW,0.6073,1,0.290283, AVG ,0.66748,1.085425,0.400745,,,,,,,,,,,
RAW,0.587524,1,0.312744, AVG ,0.670679,1.089185,0.375256,,,,,,,,,,,
RAW,0.589844,1,0.34668, AVG ,0.672046,1.092163,0.357556,,,,,,,,,,,
RAW,0.604004,1,0.376831, AVG ,0.672058,1.094629,0.347717,,,,,,,,,,,
RAW,0.613403,1,0.390991, AVG ,0.671472,1.096948,0.344885,,,,,,,,,,,
RAW,0.619019,1,0.384888, AVG ,0.670911,1.098853,0.34718,,,,,,,,,,,
RAW,0.621216,1,0.360596, AVG ,0.670557,1.1,0.352222,,,,,,,,,,,
RAW,0.608276,1,0.323853, AVG ,0.669189,1.1,0.357288,,,,,,,,,,,
RAW,0.582397,1,0.281128, AVG ,0.665759,1.1,0.359595,,,,,,,,,,,
RAW,0.553467,0.983154,0.240723, AVG ,0.659619,1.098315,0.357813,,,,,,,,,,,
RAW,0.523315,0.961914,0.209961, AVG ,0.650977,1.094507,0.351868,,,,,,,,,,,
RAW,0.487549,0.939819,0.184448, AVG ,0.639001,1.088489,0.341284,,,,,,,,,,,
RAW,0.450317,0.924561,0.170044, AVG ,0.625281,1.080945,0.327014,,,,,,,,,,,
RAW,0.40625,0.914307,0.166382, AVG ,0.606921,1.072376,0.308984,,,,,,,,,,,
RAW,0.371826,0.919922,0.176636, AVG ,0.583704,1.064368,0.288965,,,,,,,,,,,
RAW,0.342285,0.936646,0.195557, AVG ,0.556592,1.058032,0.269422,,,,,,,,,,,
RAW,0.318481,0.950806,0.223267, AVG ,0.526538,1.053113,0.25326,,,,,,,,,,,
RAW,0.303833,0.966675,0.249634, AVG ,0.4948,1.04978,0.242163,,,,,,,,,,,
RAW,0.293213,0.979736,0.276367, AVG ,0.463293,1.047754,0.237415,,,,,,,,,,,
RAW,0.286987,0.994751,0.297241, AVG ,0.433752,1.047229,0.239026,,,,,,,,,,,
RAW,0.27356,1,0.310181, AVG ,0.405762,1.048914,0.245972,,,,,,,,,,,
RAW,0.26123,1,0.308716, AVG ,0.379553,1.052722,0.255847,,,,,,,,,,,
RAW,0.244385,1,0.290649, AVG ,0.355237,1.05874,0.266467,,,,,,,,,,,
RAW,0.221069,1,0.258911, AVG ,0.332312,1.066284,0.275354,,,,,,,,,,,
RAW,0.185669,1,0.212036, AVG ,0.310254,1.074854,0.279919,,,,,,,,,,,
RAW,0.145874,1,0.163574, AVG ,0.287659,1.082861,0.278613,,,,,,,,,,,
RAW,0.106567,1,0.116089, AVG ,0.264087,1.089197,0.270667,,,,,,,,,,,
RAW,0.068115,1,0.077026, AVG ,0.23905,1.094116,0.256042,,,,,,,,,,,
RAW,0.036011,1,0.045532, AVG ,0.212268,1.097449,0.235632,,,,,,,,,,,
RAW,0.008179,1,0.021362, AVG ,0.183765,1.099475,0.210132,,,,,,,,,,,
RAW,-0.018433,1,0.009888, AVG ,0.153223,1.1,0.181396,,,,,,,,,,,
RAW,-0.048462,0.998657,0.010742, AVG ,0.12102,1.099866,0.151453,,,,,,,,,,,
RAW,-0.080933,0.998413,0.023926, AVG ,0.086804,1.099707,0.122973,,,,,,,,,,,
RAW,-0.107788,0.994873,0.046387, AVG ,0.051587,1.099194,0.098547,,,,,,,,,,,
RAW,-0.120728,0.996338,0.077637, AVG ,0.017407,1.098828,0.08042,,,,,,,,,,,
RAW,-0.128174,1,0.100586, AVG ,-0.013977,1.098828,0.069275,,,,,,,,,,,
RAW,-0.135864,1,0.122681, AVG ,-0.042151,1.098828,0.065186,,,,,,,,,,,
RAW,-0.139038,1,0.132324, AVG ,-0.066712,1.098828,0.066809,,,,,,,,,,,
RAW,-0.133301,1,0.136597, AVG ,-0.086853,1.098828,0.072766,,,,,,,,,,,
RAW,-0.131348,1,0.133301, AVG ,-0.103589,1.098828,0.081543,,,,,,,,,,,
RAW,-0.130127,1,0.113037, AVG ,-0.11742,1.098828,0.090711,,,,,,,,,,,
RAW,-0.13208,1,0.085083, AVG ,-0.128784,1.098828,0.09823,,,,,,,,,,,
RAW,-0.134766,1,0.041748, AVG ,-0.137415,1.098962,0.101331,,,,,,,,,,,
RAW,-0.147949,1,-0.011353, AVG ,-0.144116,1.099121,0.097803,,,,,,,,,,,
RAW,-0.161255,1,-0.067749, AVG ,-0.149463,1.099634,0.086389,,,,,,,,,,,
RAW,-0.1604,1,-0.11377, AVG ,-0.15343,1.1,0.067249,,,,,,,,,,,
RAW,-0.152832,1,-0.153687, AVG ,-0.155896,1.1,0.041821,,,,,,,,,,,
RAW,-0.148804,1,-0.194702, AVG ,-0.15719,1.1,0.010083,,,,,,,,,,,
RAW,-0.154663,1,-0.236328, AVG ,-0.158752,1.1,-0.026782,,,,,,,,,,,
RAW,-0.167114,1,-0.275146, AVG ,-0.162134,1.1,-0.067957,,,,,,,,,,,
RAW,-0.191284,1,-0.306152, AVG ,-0.168127,1.1,-0.111902,,,,,,,,,,,
RAW,-0.213501,1,-0.320801, AVG ,-0.176465,1.1,-0.155286,,,,,,,,,,,
RAW,-0.22644,0.992554,-0.325439, AVG ,-0.185901,1.099255,-0.196338,,,,,,,,,,,
RAW,-0.236694,0.990845,-0.315674, AVG ,-0.196094,1.09834,-0.23208,,,,,,,,,,,
RAW,-0.247192,0.985107,-0.302002, AVG ,-0.206018,1.096851,-0.261145,,,,,,,,,,,
RAW,-0.258179,0.969116,-0.287476, AVG ,-0.21571,1.093762,-0.283118,,,,,,,,,,,
RAW,-0.268921,0.945679,-0.27063, AVG ,-0.226562,1.08833,-0.298804,,,,,,,,,,,
RAW,-0.283325,0.919678,-0.259277, AVG ,-0.239612,1.080298,-0.309363,,,,,,,,,,,
RAW,-0.302979,0.892334,-0.245728, AVG ,-0.255029,1.069531,-0.314465,,,,,,,,,,,
RAW,-0.319946,0.868652,-0.23645, AVG ,-0.271558,1.056396,-0.314478,,,,,,,,,,,
RAW,-0.339478,0.844849,-0.225952, AVG ,-0.288794,1.040881,-0.309558,,,,,,,,,,,
RAW,-0.362549,0.820312,-0.213501, AVG ,-0.30592,1.022913,-0.300293,,,,,,,,,,,
RAW,-0.388062,0.787354,-0.205933, AVG ,-0.323377,1.001648,-0.288806,,,,,,,,,,,
RAW,-0.416748,0.751953,-0.199707, AVG ,-0.342407,0.977588,-0.276233,,,,,,,,,,,
RAW,-0.438721,0.72998,-0.194336, AVG ,-0.36261,0.951501,-0.264099,,,,,,,,,,,
RAW,-0.455322,0.71814,-0.188965, AVG ,-0.383423,0.924805,-0.252795,,,,,,,,,,,
RAW,-0.466431,0.717163,-0.194336, AVG ,-0.404248,0.899609,-0.243481,,,,,,,,,,,
RAW,-0.483032,0.721069,-0.209473, AVG ,-0.425659,0.877148,-0.237366,,,,,,,,,,,
RAW,-0.498657,0.713745,-0.237915, AVG ,-0.447193,0.856555,-0.23523,,,,,,,,,,,
RAW,-0.506836,0.699951,-0.276367, AVG ,-0.467578,0.837317,-0.238294,,,,,,,,,,,
RAW,-0.513062,0.684937,-0.322388, AVG ,-0.48689,0.818945,-0.246887,,,,,,,,,,,
RAW,-0.513672,0.673462,-0.368896, AVG ,-0.504309,0.801807,-0.261182,,,,,,,,,,,
RAW,-0.511841,0.663452,-0.413452, AVG ,-0.519238,0.786121,-0.281177,,,,,,,,,,,
RAW,-0.509644,0.65564,-0.455811, AVG ,-0.531397,0.772949,-0.306165,,,,,,,,,,,
RAW,-0.514648,0.646484,-0.503174, AVG ,-0.541187,0.762402,-0.336511,,,,,,,,,,,
RAW,-0.523315,0.632812,-0.534424, AVG ,-0.549646,0.752686,-0.37052,,,,,,,,,,,
RAW,-0.520996,0.623169,-0.555176, AVG ,-0.556213,0.743188,-0.407141,,,,,,,,,,,
RAW,-0.499878,0.62561,-0.564453, AVG ,-0.559558,0.734033,-0.444153,,,,,,,,,,,
RAW,-0.473511,0.625488,-0.569214, AVG ,-0.558606,0.724475,-0.480127,,,,,,,,,,,
RAW,-0.453491,0.621704,-0.572144, AVG ,-0.554089,0.715271,-0.51355,,,,,,,,,,,
RAW,-0.451782,0.610718,-0.579712, AVG ,-0.548584,0.706348,-0.543884,,,,,,,,,,,
RAW,-0.468872,0.599365,-0.588745, AVG ,-0.544165,0.69779,-0.57052,,,,,,,,,,,
RAW,-0.518677,0.586182,-0.603638, AVG ,-0.544666,0.689062,-0.593994,,,,,,,,,,,
RAW,-0.582153,0.567871,-0.600586, AVG ,-0.551697,0.679504,-0.612708,,,,,,,,,,,
RAW,-0.625122,0.543701,-0.593262, AVG ,-0.563245,0.66831,-0.626453,,,,,,,,,,,
RAW,-0.662476,0.503418,-0.571777, AVG ,-0.578027,0.654004,-0.633313,,,,,,,,,,,
RAW,-0.677002,0.460693,-0.542236, AVG ,-0.593396,0.636792,-0.634094,,,,,,,,,,,
RAW,-0.689209,0.429077,-0.50293, AVG ,-0.610217,0.617383,-0.62887,,,,,,,,,,,
RAW,-0.693237,0.402466,-0.448608, AVG ,-0.629553,0.595068,-0.617285,,,,,,,,,,,
RAW,-0.698608,0.38208,-0.384521, AVG ,-0.652063,0.570728,-0.598816,,,,,,,,,,,
RAW,-0.718994,0.359253,-0.323975, AVG ,-0.678613,0.544482,-0.573999,,,,,,,,,,,
RAW,-0.751709,0.333496,-0.262207, AVG ,-0.708606,0.51676,-0.542249,,,,,,,,,,,
RAW,-0.793945,0.299316,-0.196533, AVG ,-0.741113,0.486755,-0.503027,,,,,,,,,,,
RAW,-0.82959,0.25708,-0.132324, AVG ,-0.772204,0.453845,-0.455896,,,,,,,,,,,
RAW,-0.857422,0.20459,-0.070557, AVG ,-0.799731,0.417517,-0.402893,,,,,,,,,,,
RAW,-0.862671,0.145508,-0.012451, AVG ,-0.823486,0.377698,-0.344812,,,,,,,,,,,
RAW,-0.846069,0.094604,0.048096, AVG ,-0.841846,0.336816,-0.282825,,,,,,,,,,,
RAW,-0.825928,0.063965,0.108276, AVG ,-0.856738,0.297143,-0.217773,,,,,,,,,,,
RAW,-0.825684,0.043213,0.125244, AVG ,-0.870386,0.258557,-0.154956,,,,,,,,,,,
RAW,-0.833008,0.03064,0.132568, AVG ,-0.884363,0.221375,-0.096838,,,,,,,,,,,
RAW,-0.827026,0.030029,0.126831, AVG ,-0.897205,0.186169,-0.045703,,,,,,,,,,,
RAW,-0.839355,0.026001,0.106079, AVG ,-0.909241,0.152844,-0.002698,,,,,,,,,,,
RAW,-0.849854,0.013794,0.077637, AVG ,-0.919055,0.120874,0.031287,,,,,,,,,,,
RAW,-0.861938,0.00061,0.057739, AVG ,-0.925855,0.091003,0.056714,,,,,,,,,,,
RAW,-0.884766,-0.010254,0.053589, AVG ,-0.931372,0.06427,0.075305,,,,,,,,,,,
RAW,-0.924316,-0.004272,0.054199, AVG ,-0.938062,0.043384,0.087781,,,,,,,,,,,
RAW,-0.9375,-0.032349,0.060791, AVG ,-0.945544,0.025598,0.095105,,,,,,,,,,,
RAW,-0.933594,-0.04187,0.099365, AVG ,-0.954297,0.011951,0.100232,,,,,,,,,,,
RAW,-0.939331,-0.058594,0.131104, AVG ,-0.965637,-0.000305,0.102515,,,,,,,,,,,
RAW,-0.930176,-0.062744,0.165283, AVG ,-0.976086,-0.010901,0.106519,,,,,,,,,,,
RAW,-0.906128,-0.065552,0.205078, AVG ,-0.983398,-0.02052,0.11377,,,,,,,,,,,
RAW,-0.888306,-0.060303,0.234497, AVG ,-0.989526,-0.029553,0.124536,,,,,,,,,,,
RAW,-0.870483,-0.050781,0.26123, AVG ,-0.992639,-0.037232,0.140051,,,,,,,,,,,
RAW,-0.849487,-0.037964,0.282104, AVG ,-0.992602,-0.042407,0.160498,,,,,,,,,,,
RAW,-0.843872,-0.016602,0.296509, AVG ,-0.990796,-0.044129,0.184375,,,,,,,,,,,
RAW,-0.844971,0.002319,0.303223, AVG ,-0.986816,-0.042871,0.209338,,,,,,,,,,,
RAW,-0.855347,0.003052,0.311768, AVG ,-0.979919,-0.042139,0.235095,,,,,,,,,,,
RAW,-0.87085,-0.002441,0.321289, AVG ,-0.973255,-0.039148,0.261145,,,,,,,,,,,
RAW,-0.879395,-0.004395,0.344482, AVG ,-0.967835,-0.035401,0.285657,,,,,,,,,,,
RAW,-0.880859,-0.001587,0.381958, AVG ,-0.961987,-0.0297,0.310742,,,,,,,,,,,
RAW,-0.877686,0.00061,0.425049, AVG ,-0.956738,-0.023364,0.336719,,,,,,,,,,,
RAW,-0.881348,0.003418,0.475342, AVG ,-0.95426,-0.016467,0.363745,,,,,,,,,,,
RAW,-0.882324,0.005981,0.529053, AVG ,-0.953662,-0.009839,0.393201,,,,,,,,,,,
RAW,-0.868896,0.006714,0.583374, AVG ,-0.953503,-0.00409,0.425415,,,,,,,,,,,
RAW,-0.845215,0.010498,0.637817, AVG ,-0.953076,0.000757,0.460986,,,,,,,,,,,
RAW,-0.815186,0.020996,0.675537, AVG ,-0.950208,0.004516,0.498889,,,,,,,,,,,
RAW,-0.795044,0.04248,0.71106, AVG ,-0.945215,0.008533,0.539673,,,,,,,,,,,
RAW,-0.783569,0.055786,0.724731, AVG ,-0.938037,0.013806,0.580969,,,,,,,,,,,
RAW,-0.780762,0.060669,0.712036, AVG ,-0.929028,0.020117,0.620044,,,,,,,,,,,
RAW,-0.778809,0.068604,0.690063, AVG ,-0.91897,0.027417,0.654602,,,,,,,,,,,
RAW,-0.767456,0.074219,0.673096, AVG ,-0.907629,0.034998,0.683716,,,,,,,,,,,
RAW,-0.75769,0.078735,0.662354, AVG ,-0.89563,0.04281,0.707446,,,,,,,,,,,
RAW,-0.740601,0.091553,0.646973, AVG ,-0.881555,0.051624,0.724609,,,,,,,,,,,
RAW,-0.725342,0.11792,0.724976, AVG ,-0.865857,0.062817,0.744202,,,,,,,,,,,
RAW,-0.691772,0.18103,0.689331, AVG ,-0.848145,0.080249,0.754797,,,,,,,,,,,
RAW,-0.67395,0.149658,0.664185, AVG ,-0.831018,0.094165,0.757434,,,,,,,,,,,
RAW,-0.647339,0.149902,0.675781, AVG ,-0.814233,0.107056,0.757459,,,,,,,,,,,
RAW,-0.647705,0.185303,0.711182, AVG ,-0.7995,0.121338,0.757471,,,,,,,,,,,
RAW,-0.611938,0.200073,0.713013, AVG ,-0.782336,0.135767,0.756299,,,,,,,,,,,
RAW,-0.5979,0.181763,0.714111, AVG ,-0.76405,0.147876,0.756506,,,,,,,,,,,
RAW,-0.587158,0.19812,0.734985, AVG ,-0.744885,0.160828,0.760999,,,,,,,,,,,
RAW,-0.582031,0.201538,0.746704, AVG ,-0.726343,0.17356,0.76836,,,,,,,,,,,
RAW,-0.567383,0.198608,0.750732, AVG ,-0.707312,0.185547,0.777197,,,,,,,,,,,
RAW,-0.55127,0.200806,0.762695, AVG ,-0.688379,0.196472,0.78877,,,,,,,,,,,
RAW,-0.534912,0.2052,0.775513, AVG ,-0.669336,0.2052,0.793823,,,,,,,,,,,
RAW,-0.516235,0.204834,0.799438, AVG ,-0.651782,0.207581,0.804834,,,,,,,,,,,
RAW,-0.496338,0.206177,0.832153, AVG ,-0.634021,0.213232,0.821631,,,,,,,,,,,
RAW,-0.470703,0.212036,0.866333, AVG ,-0.616357,0.219446,0.840686,,,,,,,,,,,
RAW,-0.439575,0.230469,0.908081, AVG ,-0.595544,0.223962,0.860376,,,,,,,,,,,
RAW,-0.406982,0.27124,0.957397, AVG ,-0.575049,0.231079,0.884814,,,,,,,,,,,
RAW,-0.362793,0.293335,0.98291, AVG ,-0.551538,0.242236,0.911694,,,,,,,,,,,
RAW,-0.319702,0.330566,1, AVG ,-0.524792,0.255481,0.938196,,,,,,,,,,,
RAW,-0.277222,0.379028,1, AVG ,-0.494312,0.27323,0.963525,,,,,,,,,,,
RAW,-0.252686,0.425171,1, AVG ,-0.462842,0.295886,0.988452,,,,,,,,,,,
RAW,-0.228516,0.460693,0.997192, AVG ,-0.430566,0.321875,1.011902,,,,,,,,,,,
RAW,-0.215332,0.497314,0.968506, AVG ,-0.398608,0.351086,1.031201,,,,,,,,,,,
RAW,-0.189819,0.526489,0.9375, AVG ,-0.365967,0.383252,1.045007,,,,,,,,,,,
RAW,-0.166016,0.583374,0.89978, AVG ,-0.332935,0.420971,1.05177,,,,,,,,,,,
RAW,-0.144043,0.591797,0.849243, AVG ,-0.300269,0.458948,1.050061,,,,,,,,,,,
RAW,-0.126709,0.621338,0.807617, AVG ,-0.268982,0.498034,1.040015,,,,,,,,,,,
RAW,-0.098877,0.666138,0.777466, AVG ,-0.238171,0.537524,1.022021,,,,,,,,,,,
RAW,-0.077271,0.696655,0.75769, AVG ,-0.209619,0.577856,0.999499,,,,,,,,,,,
RAW,-0.054565,0.71875,0.740601, AVG ,-0.183106,0.616675,0.97356,,,,,,,,,,,
RAW,-0.043823,0.722168,0.732056, AVG ,-0.159766,0.650989,0.946765,,,,,,,,,,,
RAW,-0.019653,0.710938,0.728394, AVG ,-0.136462,0.679565,0.919604,,,,,,,,,,,
RAW,0.014282,0.701782,0.739014, AVG ,-0.112183,0.703674,0.893787,,,,,,,,,,,
RAW,0.047241,0.702759,0.755371, AVG ,-0.085925,0.724219,0.872473,,,,,,,,,,,
RAW,0.071045,0.699829,0.764893, AVG ,-0.059839,0.741553,0.855213,,,,,,,,,,,
RAW,0.086304,0.693726,0.772095, AVG ,-0.034607,0.752588,0.842444,,,,,,,,,,,
RAW,0.094482,0.693726,0.776978, AVG ,-0.010754,0.762781,0.835218,,,,,,,,,,,
RAW,0.091797,0.699707,0.778931, AVG ,0.011096,0.770618,0.832349,,,,,,,,,,,
RAW,0.092529,0.702148,0.778564, AVG ,0.030237,0.774219,0.832459,,,,,,,,,,,
RAW,0.107178,0.703857,0.78418, AVG ,0.048682,0.774939,0.835108,,,,,,,,,,,
RAW,0.122559,0.713989,0.786987, AVG ,0.066394,0.774463,0.839746,,,,,,,,,,,
RAW,0.135498,0.724976,0.790894, AVG ,0.084326,0.774744,0.84563,,,,,,,,,,,
RAW,0.149902,0.738281,0.791626, AVG ,0.101282,0.777478,0.851953,,,,,,,,,,,
RAW,0.165039,0.74353,0.790283, AVG ,0.116357,0.781653,0.85708,,,,,,,,,,,
RAW,0.175537,0.744141,0.788818, AVG ,0.129187,0.785791,0.860425,,,,,,,,,,,
RAW,0.190918,0.744019,0.782227, AVG ,0.141174,0.79021,0.862158,,,,,,,,,,,
RAW,0.212402,0.744141,0.771729, AVG ,0.153784,0.795251,0.862122,,,,,,,,,,,
RAW,0.22937,0.743896,0.759888, AVG ,0.167273,0.800268,0.860413,,,,,,,,,,,
RAW,0.234619,0.74353,0.74646, AVG ,0.181555,0.804651,0.857166,,,,,,,,,,,
RAW,0.238403,0.752075,0.734985, AVG ,0.196142,0.809643,0.852808,,,,,,,,,,,
RAW,0.250977,0.75354,0.731201, AVG ,0.210522,0.814612,0.84751,,,,,,,,,,,
RAW,0.264526,0.755249,0.728882, AVG ,0.224719,0.818738,0.841699,,,,,,,,,,,
RAW,0.283325,0.755371,0.723999, AVG ,0.239502,0.821777,0.83501,,,,,,,,,,,
RAW,0.308472,0.750732,0.71521, AVG ,0.255359,0.823022,0.827368,,,,,,,,,,,
RAW,0.340332,0.751343,0.704468, AVG ,0.272888,0.823804,0.818787,,,,,,,,,,,
RAW,0.375732,0.761108,0.689209, AVG ,0.292908,0.8255,0.808826,,,,,,,,,,,
RAW,0.432129,0.777222,0.656494, AVG ,0.317029,0.828821,0.796253,,,,,,,,,,,
RAW,0.457764,0.791504,0.619751, AVG ,0.341565,0.833557,0.781055,,,,,,,,,,,
RAW,0.483032,0.828369,0.592163, AVG ,0.366931,0.842004,0.764282,,,,,,,,,,,
RAW,0.495605,0.855469,0.546021, AVG ,0.39303,0.853198,0.744238,,,,,,,,,,,
RAW,0.498169,0.879272,0.503052, AVG ,0.419006,0.865918,0.721045,,,,,,,,,,,
RAW,0.507446,0.889893,0.46167, AVG ,0.444653,0.879553,0.694092,,,,,,,,,,,
RAW,0.522095,0.891479,0.428223, AVG ,0.47041,0.893176,0.664026,,,,,,,,,,,
RAW,0.530029,0.891846,0.400513, AVG ,0.49508,0.906824,0.631677,,,,,,,,,,,
RAW,0.533447,0.893066,0.385254, AVG ,0.517578,0.921057,0.598682,,,,,,,,,,,
RAW,0.531982,0.896484,0.380859, AVG ,0.536743,0.935571,0.566321,,,,,,,,,,,
RAW,0.531494,0.896851,0.384521, AVG ,0.552319,0.949145,0.535852,,,,,,,,,,,
RAW,0.530884,0.88269,0.389038, AVG ,0.562195,0.959692,0.509107,,,,,,,,,,,
RAW,0.526611,0.878662,0.40271, AVG ,0.569079,0.968408,0.487402,,,,,,,,,,,
RAW,0.516846,0.86731,0.411377, AVG ,0.572461,0.972302,0.469324,,,,,,,,,,,
RAW,0.499268,0.856567,0.414307, AVG ,0.572827,0.972412,0.456152,,,,,,,,,,,
RAW,0.488159,0.847168,0.418213, AVG ,0.571826,0.969202,0.447668,,,,,,,,,,,
RAW,0.488281,0.844116,0.418823, AVG ,0.56991,0.964624,0.443384,,,,,,,,,,,
RAW,0.491089,0.848022,0.416626, AVG ,0.566809,0.960278,0.442224,,,,,,,,,,,
RAW,0.488892,0.86438,0.411987, AVG ,0.562695,0.957532,0.443372,,,,,,,,,,,
RAW,0.496338,0.883911,0.410034, AVG ,0.558984,0.956616,0.44585,,,,,,,,,,,
RAW,0.506836,0.900513,0.402588, AVG ,0.55647,0.957019,0.448022,,,,,,,,,,,
RAW,0.517212,0.911011,0.393555, AVG ,0.555042,0.958435,0.448926,,,,,,,,,,,
RAW,0.527466,0.918945,0.380371, AVG ,0.5547,0.962061,0.448059,,,,,,,,,,,
RAW,0.530762,0.929321,0.362183, AVG ,0.555115,0.967126,0.444006,,,,,,,,,,,
RAW,0.527832,0.939575,0.346924, AVG ,0.556214,0.974353,0.437561,,,,,,,,,,,
RAW,0.522339,0.951294,0.333496, AVG ,0.558521,0.983826,0.42948,,,,,,,,,,,
RAW,0.518066,0.960449,0.328857, AVG ,0.561511,0.995154,0.420544,,,,,,,,,,,
RAW,0.513794,0.967041,0.332642, AVG ,0.564063,1.007446,0.411926,,,,,,,,,,,
RAW,0.506714,0.970459,0.339233, AVG ,0.565625,1.01969,0.404187,,,,,,,,,,,
RAW,0.499146,0.971558,0.353516, AVG ,0.56665,1.030408,0.39834,,,,,,,,,,,
RAW,0.494629,0.967041,0.369019, AVG ,0.56648,1.038721,0.394238,,,,,,,,,,,
RAW,0.486328,0.959961,0.387573, AVG ,0.564429,1.044666,0.392737,,,,,,,,,,,
RAW,0.478516,0.951172,0.405518, AVG ,0.560559,1.048682,0.393933,,,,,,,,,,,
RAW,0.463257,0.945801,0.418945, AVG ,0.554138,1.051367,0.397791,,,,,,,,,,,
RAW,0.443604,0.942505,0.434448, AVG ,0.545422,1.052686,0.405017,,,,,,,,,,,
RAW,0.420044,0.935425,0.44104, AVG ,0.534644,1.052271,0.414429,,,,,,,,,,,
RAW,0.390625,0.929688,0.443359, AVG ,0.521472,1.05011,0.425415,,,,,,,,,,,
RAW,0.363159,0.92041,0.436401, AVG ,0.505982,1.046106,0.436169,,,,,,,,,,,
RAW,0.340698,0.916992,0.430664, AVG ,0.488672,1.041101,0.445972,,,,,,,,,,,
RAW,0.330933,0.916016,0.41626, AVG ,0.471094,1.035657,0.453674,,,,,,,,,,,
RAW,0.329956,0.924438,0.407593, AVG ,0.454175,1.030945,0.459082,,,,,,,,,,,
RAW,0.339966,0.92981,0.387939, AVG ,0.438709,1.027222,0.460974,,,,,,,,,,,
RAW,0.345947,0.932007,0.370972, AVG ,0.424671,1.024426,0.459314,,,,,,,,,,,
RAW,0.338989,0.927612,0.346069, AVG ,0.410718,1.02207,0.453369,,,,,,,,,,,
RAW,0.323242,0.924927,0.319092, AVG ,0.396716,1.019983,0.443384,,,,,,,,,,,
RAW,0.305664,0.919678,0.290283, AVG ,0.382922,1.0177,0.428967,,,,,,,,,,,
RAW,0.286621,0.917114,0.254517, AVG ,0.36958,1.015869,0.410315,,,,,,,,,,,
RAW,0.258179,0.930542,0.225098, AVG ,0.356335,1.015955,0.388489,,,,,,,,,,,
RAW,0.23938,0.929688,0.210938, AVG ,0.343958,1.016882,0.365942,,,,,,,,,,,
RAW,0.218506,0.92688,0.209595, AVG ,0.331738,1.017871,0.343836,,,,,,,,,,,
RAW,0.187744,0.927612,0.209229, AVG ,0.317419,1.019031,0.323132,,,,,,,,,,,
RAW,0.156982,0.911499,0.199707, AVG ,0.300122,1.017737,0.302344,,,,,,,,,,,
RAW,0.118408,0.909302,0.186035, AVG ,0.277966,1.015686,0.282154,,,,,,,,,,,
RAW,0.085083,0.910645,0.178711, AVG ,0.25188,1.01355,0.262927,,,,,,,,,,,
RAW,0.059692,0.914917,0.177734, AVG ,0.22395,1.01228,0.246094,,,,,,,,,,,
RAW,0.040649,0.912231,0.167725, AVG ,0.195691,1.011011,0.230957,,,,,,,,,,,
RAW,0.029907,0.904785,0.15332, AVG ,0.168115,1.009522,0.217261,,,,,,,,,,,
RAW,0.008423,0.914917,0.155273, AVG ,0.140295,1.009302,0.207336,,,,,,,,,,,
RAW,-0.010742,0.92749,0.155884, AVG ,0.113403,1.008997,0.200415,,,,,,,,,,,
RAW,-0.029175,0.911499,0.154663, AVG ,0.086548,1.007178,0.194788,,,,,,,,,,,
RAW,-0.047852,0.884033,0.149292, AVG ,0.059912,1.002893,0.188757,,,,,,,,,,,
RAW,-0.062378,0.861206,0.134888, AVG ,0.0349,0.996252,0.181323,,,,,,,,,,,
RAW,-0.0802,0.856445,0.119507, AVG ,0.011182,0.990747,0.173303,,,,,,,,,,,
RAW,-0.100464,0.87207,0.103394, AVG ,-0.010706,0.987024,0.165039,,,,,,,,,,,
RAW,-0.111084,0.882324,0.084839, AVG ,-0.030322,0.984192,0.155652,,,,,,,,,,,
RAW,-0.116943,0.894287,0.066406, AVG ,-0.047986,0.982129,0.144519,,,,,,,,,,,
RAW,-0.118408,0.897461,0.051025, AVG ,-0.063892,0.980652,0.132849,,,,,,,,,,,
RAW,-0.117676,0.900146,0.037231, AVG ,-0.07865,0.980188,0.12124,,,,,,,,,,,
RAW,-0.110229,0.90332,0.022461, AVG ,-0.090515,0.979028,0.107959,,,,,,,,,,,
RAW,-0.103882,0.901733,0.007812, AVG ,-0.099829,0.976452,0.093152,,,,,,,,,,,
RAW,-0.103638,0.905396,-0.007202, AVG ,-0.107275,0.975842,0.076965,,,,,,,,,,,
RAW,-0.111572,0.903931,-0.027222, AVG ,-0.113647,0.977832,0.059314,,,,,,,,,,,
RAW,-0.131592,0.907837,-0.049194, AVG ,-0.120569,0.982495,0.040906,,,,,,,,,,,
RAW,-0.161011,0.917236,-0.070557, AVG ,-0.12865,0.988574,0.021899,,,,,,,,,,,
RAW,-0.193726,0.930298,-0.087402, AVG ,-0.137976,0.994397,0.00282,,,,,,,,,,,
RAW,-0.219238,0.941284,-0.10437, AVG ,-0.148792,1.000293,-0.016101,,,,,,,,,,,
RAW,-0.234619,0.955933,-0.116943, AVG ,-0.160559,1.006458,-0.034436,,,,,,,,,,,
RAW,-0.238892,0.970337,-0.126953, AVG ,-0.172607,1.013745,-0.052234,,,,,,,,,,,
RAW,-0.230835,0.99353,-0.140137, AVG ,-0.183923,1.023084,-0.069971,,,,,,,,,,,
RAW,-0.216797,1,-0.152466, AVG ,-0.19458,1.032752,-0.087463,,,,,,,,,,,
RAW,-0.207031,1,-0.159058, AVG ,-0.204895,1.042578,-0.10415,,,,,,,,,,,
RAW,-0.204346,1,-0.16687, AVG ,-0.214966,1.052039,-0.120117,,,,,,,,,,,
RAW,-0.205322,1,-0.174927, AVG ,-0.224341,1.061646,-0.134888,,,,,,,,,,,
RAW,-0.209717,1,-0.174683, AVG ,-0.232153,1.070862,-0.147437,,,,,,,,,,,
RAW,-0.218628,1,-0.171631, AVG ,-0.237915,1.079138,-0.157544,,,,,,,,,,,
RAW,-0.229248,1,-0.157837, AVG ,-0.241467,1.086108,-0.164587,,,,,,,,,,,
RAW,-0.244263,1,-0.140625, AVG ,-0.24397,1.09198,-0.168213,,,,,,,,,,,
RAW,-0.253662,1,-0.120728, AVG ,-0.245874,1.096387,-0.168592,,,,,,,,,,,
RAW,-0.265869,1,-0.095825, AVG ,-0.248572,1.099353,-0.165479,,,,,,,,,,,
RAW,-0.270752,1,-0.070312, AVG ,-0.252564,1.1,-0.158496,,,,,,,,,,,
RAW,-0.270874,1,-0.045288, AVG ,-0.257971,1.1,-0.147778,,,,,,,,,,,
RAW,-0.274536,1,-0.024414, AVG ,-0.264722,1.1,-0.134314,,,,,,,,,,,
RAW,-0.278076,1,-0.001587, AVG ,-0.272095,1.1,-0.117786,,,,,,,,,,,
RAW,-0.281128,1,0.010498, AVG ,-0.279675,1.1,-0.099243,,,,,,,,,,,
RAW,-0.279541,1,0.023071, AVG ,-0.286658,1.1,-0.079468,,,,,,,,,,,
RAW,-0.279053,1,0.03125, AVG ,-0.2927,1.1,-0.05918,,,,,,,,,,,
RAW,-0.283691,1,0.033447, AVG ,-0.298144,1.1,-0.040051,,,,,,,,,,,
RAW,-0.288208,0.999756,0.032349, AVG ,-0.302539,1.099976,-0.022754,,,,,,,,,,,
RAW,-0.288574,0.997559,0.033081, AVG ,-0.30603,1.099732,-0.007373,,,,,,,,,,,
RAW,-0.285767,0.99292,0.031128, AVG ,-0.30802,1.099023,0.005322,,,,,,,,,,,
RAW,-0.281372,0.989258,0.033203, AVG ,-0.309082,1.097949,0.015674,,,,,,,,,,,
RAW,-0.276245,0.980347,0.03186, AVG ,-0.309619,1.095984,0.023389,,,,,,,,,,,
RAW,-0.269897,0.974487,0.030029, AVG ,-0.309155,1.093433,0.028833,,,,,,,,,,,
RAW,-0.268188,0.970459,0.028076, AVG ,-0.308166,1.090479,0.031799,,,,,,,,,,,
RAW,-0.266846,0.963379,0.026245, AVG ,-0.306738,1.086816,0.033374,,,,,,,,,,,
RAW,-0.265503,0.954834,0.026245, AVG ,-0.305334,1.0823,0.033691,,,,,,,,,,,
RAW,-0.258789,0.945557,0.022095, AVG ,-0.303308,1.076856,0.032776,,,,,,,,,,,
RAW,-0.253784,0.935547,0.021606, AVG ,-0.300317,1.07041,0.031592,,,,,,,,,,,
RAW,-0.248535,0.92627,0.017456, AVG ,-0.29635,1.063062,0.030102,,,,,,,,,,,
RAW,-0.240723,0.920654,0.012085, AVG ,-0.291565,1.055371,0.028003,,,,,,,,,,,
RAW,-0.234863,0.9198,0.008423, AVG ,-0.286475,1.048059,0.025732,,,,,,,,,,,
RAW,-0.231323,0.9198,0.005249, AVG ,-0.28147,1.041113,0.022937,,,,,,,,,,,
RAW,-0.228271,0.924194,0.003296, AVG ,-0.276672,1.035498,0.02008,,,,,,,,,,,
RAW,-0.221436,0.927856,0.003418, AVG ,-0.271826,1.030835,0.017419,,,,,,,,,,,
RAW,-0.21582,0.932373,0.000854, AVG ,-0.266589,1.027026,0.014697,,,,,,,,,,,
RAW,-0.210938,0.938721,0.000488, AVG ,-0.260999,1.024561,0.012122,,,,,,,,,,,
RAW,-0.211304,0.946167,-0.000977, AVG ,-0.255579,1.023694,0.009399,,,,,,,,,,,
RAW,-0.205688,0.953491,0.000488, AVG ,-0.250269,1.024487,0.007239,,,,,,,,,,,
RAW,-0.203613,0.959351,0.002563, AVG ,-0.245251,1.026868,0.005334,,,,,,,,,,,
RAW,-0.200684,0.965454,0.006348, AVG ,-0.240466,1.030786,0.004224,,,,,,,,,,,
RAW,-0.196167,0.972534,0.013184, AVG ,-0.236011,1.035974,0.004333,,,,,,,,,,,
RAW,-0.192627,0.984985,0.019653, AVG ,-0.231787,1.042493,0.005456,,,,,,,,,,,
RAW,-0.186523,0.992432,0.026611, AVG ,-0.227307,1.049756,0.007593,,,,,,,,,,,
RAW,-0.178955,1,0.034668, AVG ,-0.222376,1.057336,0.01073,,,,,,,,,,,
RAW,-0.173096,1,0.043091, AVG ,-0.217541,1.064551,0.014697,,,,,,,,,,,
RAW,-0.17041,1,0.048462, AVG ,-0.213001,1.071314,0.019458,,,,,,,,,,,
RAW,-0.169556,1,0.051025, AVG ,-0.208862,1.077441,0.024512,,,,,,,,,,,
RAW,-0.170532,1,0.055298, AVG ,-0.204785,1.082825,0.030139,,,,,,,,,,,
RAW,-0.164185,1,0.056152, AVG ,-0.200635,1.087476,0.035706,,,,,,,,,,,
RAW,-0.16333,1,0.062134, AVG ,-0.196606,1.091541,0.041663,,,,,,,,,,,
RAW,-0.161377,1,0.068237, AVG ,-0.192676,1.094995,0.047852,,,,,,,,,,,
RAW,-0.162964,1,0.074585, AVG ,-0.189356,1.097742,0.053992,,,,,,,,,,,
RAW,-0.164429,1,0.0802, AVG ,-0.186536,1.099243,0.060046,,,,,,,,,,,
RAW,-0.164551,1,0.087891, AVG ,-0.184339,1.1,0.066174,,,,,,,,,,,
RAW,-0.161621,1,0.094116, AVG ,-0.182605,1.1,0.072119,,,,,,,,,,,
RAW,-0.15625,1,0.10022, AVG ,-0.180921,1.1,0.077832,,,,,,,,,,,
RAW,-0.155029,1,0.10498, AVG ,-0.179382,1.1,0.083484,,,,,,,,,,,
RAW,-0.152588,1,0.108154, AVG ,-0.177686,1.1,0.089197,,,,,,,,,,,
RAW,-0.158569,1,0.110107, AVG ,-0.176489,1.1,0.094678,,,,,,,,,,,
RAW,-0.16333,1,0.114746, AVG ,-0.176404,1.1,0.100537,,,,,,,,,,,
RAW,-0.165283,1,0.120483, AVG ,-0.176599,1.1,0.106372,,,,,,,,,,,
RAW,-0.168579,1,0.125122, AVG ,-0.177319,1.1,0.11206,,,,,,,,,,,
RAW,-0.168579,1,0.131714, AVG ,-0.177881,1.1,0.117773,,,,,,,,,,,
RAW,-0.168457,1,0.135986, AVG ,-0.178284,1.1,0.123352,,,,,,,,,,,
RAW,-0.166748,1,0.1427, AVG ,-0.178503,1.1,0.128833,,,,,,,,,,,
RAW,-0.166748,1,0.143311, AVG ,-0.179016,1.1,0.133752,,,,,,,,,,,
RAW,-0.162476,1,0.144043, AVG ,-0.179639,1.1,0.138135,,,,,,,,,,,
RAW,-0.159668,1,0.143188, AVG ,-0.180103,1.1,0.141955,,,,,,,,,,,
RAW,-0.162842,1,0.141724, AVG ,-0.181128,1.1,0.145312,,,,,,,,,,,
RAW,-0.161743,1,0.141357, AVG ,-0.181445,1.1,0.148437,,,,,,,,,,,
RAW,-0.162842,1,0.142578, AVG ,-0.181396,1.1,0.151221,,,,,,,,,,,
RAW,-0.161011,1,0.14502, AVG ,-0.180969,1.1,0.153674,,,,,,,,,,,
RAW,-0.161621,0.997192,0.145264, AVG ,-0.180274,1.099719,0.155689,,,,,,,,,,,
RAW,-0.158081,0.991333,0.143555, AVG ,-0.179224,1.098853,0.156873,,,,,,,,,,,
RAW,-0.154663,0.984741,0.146851, AVG ,-0.177844,1.097327,0.157959,,,,,,,,,,,
RAW,-0.152344,0.979614,0.148071, AVG ,-0.176404,1.095288,0.158496,,,,,,,,,,,
RAW,-0.15271,0.970337,0.148682, AVG ,-0.175,1.092322,0.159033,,,,,,,,,,,
RAW,-0.15271,0.966064,0.144897, AVG ,-0.174023,1.088928,0.159119,,,,,,,,,,,
RAW,-0.155273,0.956787,0.143555, AVG ,-0.173584,1.084607,0.159155,,,,,,,,,,,
RAW,-0.156616,0.948608,0.139648, AVG ,-0.172961,1.079468,0.158948,,,,,,,,,,,
RAW,-0.157104,0.939575,0.139526, AVG ,-0.172497,1.073425,0.158765,,,,,,,,,,,
RAW,-0.159668,0.93396,0.137451, AVG ,-0.17218,1.066821,0.158252,,,,,,,,,,,
RAW,-0.160889,0.931396,0.132202, AVG ,-0.172168,1.059961,0.15697,,,,,,,,,,,
RAW,-0.164062,0.929932,0.130615, AVG ,-0.172412,1.053235,0.155505,,,,,,,,,,,
RAW,-0.162598,0.929688,0.132935, AVG ,-0.172864,1.04707,0.154443,,,,,,,,,,,
RAW,-0.162964,0.926514,0.133301, AVG ,-0.173694,1.041248,0.153088,,,,,,,,,,,
